customer_id,first_name,last_name,gender,date_of_birth,email,phone,customer_street,customer_country,customer_zip_code,platform
c00001,Harold,Garcia,Male,03/04/1985,harold_garcia@gmail.com,(+86)1402225936,46892 Rachel Inlet Suite 896,China,10522,Instagram
c00002,Jacob,Williams,Male,02/06/1963,jacob_williams@gmail.com,(+1)8897518590,6794 Jerry Plaza,United States,63679,Others
c00003,William,Baldwin,Male,21/09/1969,william_baldwin@gmail.com,(+44)8337798856,60301 Davis Motorway,United Kingdom,02515,Referral
c00004,Cathy,Ayala,Female,26/09/1965,cathy_ayala@gmail.com,(+32)3214962573,74482 Fowler Springs,Belgium,60658,Others
c00005,Emma,Morgan,Other,22/12/1987,emma_morgan@gmail.com,(+1)6216300610,88495 Johnson Spur Apt. 033,United States,95351,Instagram
c00006,Dawn,Acosta,Female,23/07/1969,dawn_acosta@gmail.com,(+86)6625633622,46581 Campbell Walk,China,95896,Facebook
c00007,Patricia,Jordan,Other,31/08/1967,patricia_jordan@gmail.com,(+1)8379926396,00195 Nicholas Ville,United States,91027,Referral
c00008,Barbara,Hampton,Female,24/10/1983,barbara_hampton@gmail.com,(+32)6141695600,137 Caleb Glens,Belgium,29938,Facebook
c00009,Susan,Gutierrez,Other,24/06/1974,susan_gutierrez@gmail.com,(+33)8289866082,4975 Lowery Pass Suite 163,France,47065,Referral
c00010,Diane,Morgan,Female,25/06/1966,diane_morgan@gmail.com,(+32)4325214543,37545 Lynn Stravenue,Belgium,84583,Others
c00011,Jamie,Silva,Female,02/10/1967,jamie_silva@gmail.com,(+44)3132640352,59554 Joseph Road Suite 199,United Kingdom,82934,Instagram
c00012,Michael,Carlson,Male,09/10/1987,michael_carlson@gmail.com,(+86)2222616956,1862 Arthur Curve Apt. 977,China,46972,Referral
c00013,Jodi,Garcia,Other,12/04/1965,jodi_garcia@gmail.com,(+44)9363105668,946 Tracy Run,United Kingdom,76582,Referral
c00014,Pamela,Wilson,Female,04/04/1988,pamela_wilson@gmail.com,(+33)2049120521,713 Bryan Ford Suite 640,France,92358,Instagram
c00015,Sean,Hogan,Male,19/05/1974,sean_hogan@gmail.com,(+44)6890083116,231 Camacho Square,United Kingdom,41119,Referral
c00016,Christina,Sosa,Other,13/03/1977,christina_sosa@gmail.com,(+86)5475819390,385 Sherry Lights,China,48825,Facebook
c00017,Rachel,Young,Other,27/04/1982,rachel_young@gmail.com,(+1)5486930374,010 David Falls,United States,14469,Instagram
c00018,Gregory,Green,Male,22/04/1964,gregory_green@gmail.com,(+33)5432929334,568 Debra Port Suite 072,France,33042,Others
c00019,Julie,Shelton,Other,04/11/1981,julie_shelton@gmail.com,(+33)4671319109,890 Smith Passage Suite 530,France,17623,Facebook
c00020,Kelly,Walton,Male,09/06/1976,kelly_walton@gmail.com,(+44)8728427699,99044 Strickland Fields Apt. 454,United Kingdom,20563,Referral
c00021,Nicole,Herring,Other,07/06/1963,nicole_herring@gmail.com,(+86)9235659023,16415 Jennifer Radial Apt. 292,China,07070,Referral
c00022,Kimberly,Chan,Other,21/12/1968,kimberly_chan@gmail.com,(+32)5096625989,66115 Christine Valley Suite 738,Belgium,16400,Others
c00023,Kathryn,Gonzales,Female,26/01/1980,kathryn_gonzales@gmail.com,(+32)4918781911,3102 Griffin Circles,Belgium,77006,Referral
c00024,Hannah,Chase,Female,13/01/1987,hannah_chase@gmail.com,(+86)5337914763,178 Smith Prairie,China,22550,Facebook
c00025,Frances,Frank,Other,31/05/1983,frances_frank@gmail.com,(+1)7557960801,856 Jeffery Union Apt. 135,United States,55140,Others
c00026,Debra,Rios,Female,06/05/1979,debra_rios@gmail.com,(+32)4432467337,91444 Garza Circle,Belgium,94889,Instagram
c00027,Vanessa,Warren,Female,02/02/1966,vanessa_warren@gmail.com,(+33)8359190864,6964 Larry Prairie Apt. 072,France,49391,Instagram
c00028,Jennifer,Mendoza,Female,12/06/1972,jennifer_mendoza@gmail.com,(+86)9642316001,898 Katherine Trail,China,41318,Others
c00029,Lisa,Ellison,Female,20/01/1968,lisa_ellison@gmail.com,(+44)3776804258,0438 Arthur Path,United Kingdom,58370,Instagram
c00030,Jennifer,Anderson,Other,18/01/1982,jennifer_anderson@gmail.com,(+33)6462114680,9976 Rojas Courts Apt. 930,France,68797,Others
c00031,Nicole,Garcia,Other,22/08/1977,nicole_garcia@gmail.com,(+33)4518439107,5071 Morales Walk,France,07921,Others
c00032,Jessica,Baldwin,Other,13/06/1974,jessica_baldwin@gmail.com,(+44)5116273267,198 Gregory Drive Apt. 143,United Kingdom,39354,Others
c00033,Tanya,Gregory,Female,06/08/1987,tanya_gregory@gmail.com,(+1)3706340306,7351 Watson Forest,United States,88832,Others
c00034,Kathleen,Miller,Other,23/12/1966,kathleen_miller@gmail.com,(+33)9988709486,2887 Schultz Roads,France,45353,Instagram
c00035,Katie,Mason,Female,09/01/1984,katie_mason@gmail.com,(+86)3603308585,0708 Smith Forks Suite 372,China,47856,Facebook
c00036,Caitlin,Gonzales,Other,18/10/1985,caitlin_gonzales@gmail.com,(+32)3130527899,9556 Rivera Valley Apt. 170,Belgium,36312,Others
c00037,Amy,Kelly,Other,06/09/1983,amy_kelly@gmail.com,(+33)6234591641,50831 Stephenson Locks,France,54151,Referral
c00038,Willie,Mayo,Male,26/07/1982,willie_mayo@gmail.com,(+44)1712744145,0797 Edwards Drive Suite 540,United Kingdom,80700,Facebook
c00039,Amanda,Jacobs,Female,02/05/1963,amanda_jacobs@gmail.com,(+44)5778064314,536 King Valleys,United Kingdom,90362,Instagram
c00040,William,Greene,Male,21/08/1973,william_greene@gmail.com,(+32)8698062262,66038 Faulkner Locks,Belgium,89844,Facebook
c00041,Donna,Sellers,Other,06/03/1969,donna_sellers@gmail.com,(+33)6556656393,7757 Howard Motorway Suite 593,France,58384,Facebook
c00042,Brenda,Wagner,Female,16/07/1984,brenda_wagner@gmail.com,(+1)7293213840,24001 Clark Bypass,United States,65443,Others
c00043,Hannah,Matthews,Other,05/09/1982,hannah_matthews@gmail.com,(+86)7056106616,54062 Kendra Mall Suite 758,China,91648,Others
c00044,Tanner,Bowman,Male,18/11/1979,tanner_bowman@gmail.com,(+86)6997071657,516 Corey Points,China,80890,Referral
c00045,John,Aguirre,Male,22/12/1979,john_aguirre@gmail.com,(+33)8569703198,1752 Rodriguez Dam,France,40491,Instagram
c00046,Michael,Martin,Male,05/09/1964,michael_martin@gmail.com,(+44)9976034811,38587 Brent Underpass Suite 018,United Kingdom,71387,Others
c00047,Stephanie,Bean,Female,29/03/1978,stephanie_bean@gmail.com,(+86)4886912803,2438 Patrick Valleys,China,15366,Instagram
c00048,Paul,Snyder,Male,01/04/1975,paul_snyder@gmail.com,(+1)6390176739,26866 Maria Locks Apt. 754,United States,14514,Instagram
c00049,Emily,Butler,Female,10/06/1979,emily_butler@gmail.com,(+86)9883855700,57916 James Lodge,China,53816,Instagram
c00050,Lauren,Stanley,Female,11/05/1981,lauren_stanley@gmail.com,(+1)7725536640,9851 William Oval,United States,68975,Instagram
c00051,Derrick,Jones,Male,26/11/1985,derrick_jones@gmail.com,(+1)6829274216,098 Justin Cliff,United States,49206,Facebook
c00052,Jennifer,Evans,Female,09/07/1975,jennifer_evans@gmail.com,(+86)6520424595,1248 Kathleen Spring Apt. 464,China,60503,Referral
c00053,Robert,Graham,Male,14/11/1977,robert_graham@gmail.com,(+1)9308810707,48933 Ali Square Suite 980,United States,51709,Facebook
c00054,Brianna,Williams,Other,05/06/1965,brianna_williams@gmail.com,(+1)4163787084,5770 Michael Mall Apt. 827,United States,25986,Referral
c00055,Joseph,Reese,Male,19/05/1982,joseph_reese@gmail.com,(+1)1345139881,987 James Haven,United States,36110,Others
c00056,Carrie,Smith,Female,09/06/1964,carrie_smith@gmail.com,(+86)1568576973,37416 Sheri Oval Apt. 361,China,46102,Referral
c00057,Sandra,Thomas,Other,28/04/1974,sandra_thomas@gmail.com,(+33)9335874917,630 Rodney Plains,France,23902,Referral
c00058,Steven,King,Male,05/01/1979,steven_king@gmail.com,(+33)5652899514,8963 Bill Lakes Apt. 848,France,00524,Instagram
c00059,Lauren,Smith,Other,12/07/1983,lauren_smith@gmail.com,(+86)9513830408,15623 Baker Islands Suite 732,China,77239,Others
c00060,Megan,Combs,Other,01/04/1973,megan_combs@gmail.com,(+44)3503831176,9886 Campbell Dale,United Kingdom,95170,Referral
c00061,Tracy,Warren,Other,13/03/1971,tracy_warren@gmail.com,(+33)5064081248,096 Mitchell Lodge,France,05753,Referral
c00062,James,Bennett,Male,11/10/1973,james_bennett@gmail.com,(+86)9851386274,55433 Moon Summit Suite 569,China,52438,Referral
c00063,Sandra,Jacobson,Female,14/11/1977,sandra_jacobson@gmail.com,(+86)1562929847,0423 Clay Curve Apt. 256,China,70177,Instagram
c00064,Hector,Wheeler,Male,09/03/1977,hector_wheeler@gmail.com,(+32)5978708877,08041 Stevens Garden Suite 313,Belgium,71991,Facebook
c00065,Christian,Alexander,Male,15/08/1978,christian_alexander@gmail.com,(+33)9037619151,00464 Clark Forest,France,24458,Referral
c00066,Lisa,Branch,Other,04/03/1966,lisa_branch@gmail.com,(+32)9173597094,90323 Parker Spur Apt. 714,Belgium,22298,Facebook
c00067,Cristina,Chan,Other,11/06/1986,cristina_chan@gmail.com,(+1)1857913373,310 Dean Junction Apt. 119,United States,05334,Instagram
c00068,Tiffany,Jackson,Female,15/10/1976,tiffany_jackson@gmail.com,(+1)7366905151,58137 Matthews Ridge,United States,74148,Referral
c00069,Michael,Hickman,Male,25/08/1974,michael_hickman@gmail.com,(+33)7586880881,37874 Lopez Roads Suite 779,France,66463,Others
c00070,Charles,George,Male,19/04/1979,charles_george@gmail.com,(+32)4009149086,400 Mcconnell Plaza,Belgium,34800,Facebook
c00071,Michael,Valenzuela,Male,12/03/1967,michael_valenzuela@gmail.com,(+32)9157201675,757 Michele Trafficway,Belgium,16035,Others
c00072,Adriana,Adams,Female,02/05/1979,adriana_adams@gmail.com,(+33)5636500331,227 Wood Knoll Apt. 451,France,59766,Others
c00073,Erica,Patterson,Female,16/03/1976,erica_patterson@gmail.com,(+33)3619185426,4306 Denise Mountain,France,59826,Others
c00074,Crystal,Ellis,Female,08/02/1975,crystal_ellis@gmail.com,(+86)9217818994,0681 Nicole Glen,China,15500,Instagram
c00075,Regina,Jones,Female,22/09/1981,regina_jones@gmail.com,(+1)4240021742,5233 Carol Mount Apt. 347,United States,37079,Others
c00076,Brenda,Young,Female,06/07/1977,brenda_young@gmail.com,(+1)8187656211,422 Tanya Tunnel,United States,57120,Facebook
c00077,Chase,Perez,Male,10/02/1989,chase_perez@gmail.com,(+86)1392381868,6876 Todd Ville Apt. 713,China,61030,Referral
c00078,Wendy,King,Other,01/06/1975,wendy_king@gmail.com,(+33)7561265278,03078 Durham Branch Apt. 333,France,75811,Facebook
c00079,Eric,Estrada,Male,07/06/1988,eric_estrada@gmail.com,(+33)3126070307,27089 Davis Drives Apt. 483,France,12496,Instagram
c00080,Regina,Taylor,Other,07/03/1985,regina_taylor@gmail.com,(+33)8979542850,476 Matthew Knolls,France,20688,Referral
c00081,Tracey,Lang,Female,14/11/1966,tracey_lang@gmail.com,(+32)4357677627,3814 Pamela Place,Belgium,91959,Facebook
c00082,Shannon,Wallace,Female,12/01/1969,shannon_wallace@gmail.com,(+32)8831090697,844 Ingram Underpass,Belgium,25138,Others
c00083,Candice,Richardson,Female,01/06/1966,candice_richardson@gmail.com,(+86)8268729342,700 Ryan Village Apt. 517,China,88423,Facebook
c00084,Samantha,Burke,Female,26/11/1970,samantha_burke@gmail.com,(+32)3233323492,2963 Peck Haven Suite 567,Belgium,13228,Referral
c00085,Mary,Chavez,Other,29/11/1979,mary_chavez@gmail.com,(+44)4058206752,2463 Stephens Dam Apt. 071,United Kingdom,78109,Others
c00086,Tiffany,Alexander,Other,20/05/1978,tiffany_alexander@gmail.com,(+86)3581568025,5820 Fields Mission Suite 018,China,68841,Facebook
c00087,Nichole,Anderson,Other,15/10/1965,nichole_anderson@gmail.com,(+44)4704173400,4556 Ayala Ferry Suite 406,United Kingdom,97990,Instagram
c00088,Casey,Buck,Male,02/07/1977,casey_buck@gmail.com,(+86)9893966448,32386 Obrien Island Suite 484,China,60147,Others
c00089,Richard,Jones,Male,06/03/1972,richard_jones@gmail.com,(+44)4530207591,207 Watts Row Apt. 207,United Kingdom,28757,Facebook
c00090,Ashley,Gay,Female,17/02/1978,ashley_gay@gmail.com,(+44)2138252140,0309 Lynch Mountain,United Kingdom,33577,Instagram
c00091,Cassandra,Wood,Female,20/12/1977,cassandra_wood@gmail.com,(+33)9654027656,6123 Sims Brooks,France,20270,Instagram
c00092,Edward,Solomon,Male,14/05/1970,edward_solomon@gmail.com,(+44)7153226713,04636 Travis Points,United Kingdom,93223,Facebook
c00093,Michelle,Gonzalez,Other,18/12/1984,michelle_gonzalez@gmail.com,(+44)3025551177,71338 Kenneth Dale,United Kingdom,91114,Referral
c00094,Kari,Houston,Other,07/06/1975,kari_houston@gmail.com,(+32)4067963312,7657 King Springs,Belgium,52292,Instagram
c00095,Seth,Norman,Male,02/12/1982,seth_norman@gmail.com,(+86)7135964460,3500 Ashley Ville Apt. 648,China,68968,Facebook
c00096,Tanya,Evans,Female,09/01/1967,tanya_evans@gmail.com,(+1)9451415494,1686 Peters Walk Suite 595,United States,96718,Facebook
c00097,Adam,Anderson,Male,06/02/1964,adam_anderson@gmail.com,(+1)4722200101,88073 Taylor Pine Suite 705,United States,73836,Others
c00098,Emily,Vega,Female,11/04/1980,emily_vega@gmail.com,(+44)6529579377,7382 Adam Motorway,United Kingdom,66575,Others
c00099,Caitlin,Johnson,Female,19/08/1975,caitlin_johnson@gmail.com,(+32)8270353372,021 Gregory Neck,Belgium,77256,Instagram
c00100,Julie,Webster,Female,07/01/1975,julie_webster@gmail.com,(+33)5504850002,8174 Diana Circle,France,68790,Others
c00101,Becky,Miller,Other,16/01/1972,becky_miller@gmail.com,(+33)5854469459,1770 Christina Inlet,France,73450,Facebook
c00102,Kathy,Turner,Female,17/12/1975,kathy_turner@gmail.com,(+44)3069135917,268 Olson Fords,United Kingdom,01442,Instagram
c00103,Thomas,Mercado,Male,05/02/1968,thomas_mercado@gmail.com,(+44)1725171348,9987 Gregory Way Apt. 918,United Kingdom,43262,Instagram
c00104,Crystal,Smith,Female,30/10/1965,crystal_smith@gmail.com,(+32)7947253601,8854 Anderson Ranch,Belgium,93629,Referral
c00105,Dave,Nguyen,Male,08/10/1974,dave_nguyen@gmail.com,(+1)4297315055,979 Miller Place Apt. 600,United States,07363,Referral
c00106,Tina,Peterson,Other,23/05/1977,tina_peterson@gmail.com,(+33)3976400075,84453 Kristopher Drives Apt. 660,France,86427,Referral
c00107,Kathryn,Williams,Other,09/09/1984,kathryn_williams@gmail.com,(+33)5455713383,482 Jared Branch,France,78982,Referral
c00108,Bradley,Hunter,Male,05/02/1987,bradley_hunter@gmail.com,(+86)6072912645,916 Moore Gateway Apt. 255,China,20635,Instagram
c00109,Connie,Allen,Other,04/05/1982,connie_allen@gmail.com,(+44)4283262255,48806 Stone Rue,United Kingdom,08396,Instagram
c00110,Jason,Cooley,Male,25/12/1977,jason_cooley@gmail.com,(+1)7283259150,27175 Mcintosh Cove,United States,38380,Others
c00111,Thomas,Pope,Male,09/04/1984,thomas_pope@gmail.com,(+1)7284406934,2150 Eric Lakes,United States,03526,Instagram
c00112,Anna,Farley,Other,18/10/1969,anna_farley@gmail.com,(+1)6394265495,70683 Michael Curve Apt. 643,United States,03584,Referral
c00113,Richard,Gallagher,Male,24/11/1980,richard_gallagher@gmail.com,(+1)4882198461,1467 Ethan Creek,United States,62231,Instagram
c00114,Timothy,Jackson,Male,09/11/1964,timothy_jackson@gmail.com,(+33)5015914384,068 Jesus Vista Suite 280,France,16725,Instagram
c00115,Ryan,Castaneda,Male,01/02/1965,ryan_castaneda@gmail.com,(+1)3858500879,241 Warner Mountains,United States,88417,Instagram
c00116,Regina,Douglas,Other,13/09/1968,regina_douglas@gmail.com,(+86)2704716071,6796 Harmon Harbors,China,32998,Facebook
c00117,Jennifer,Barker,Female,11/01/1977,jennifer_barker@gmail.com,(+32)3265809306,453 Francis Circles,Belgium,29794,Facebook
c00118,Brian,Gomez,Male,08/02/1974,brian_gomez@gmail.com,(+33)3830927293,5073 Caitlin Squares,France,71808,Referral
c00119,Paula,Potts,Female,11/04/1964,paula_potts@gmail.com,(+32)8743713088,161 Dana Skyway,Belgium,34097,Referral
c00120,James,Rich,Male,18/09/1966,james_rich@gmail.com,(+1)5287152158,47412 Melissa Roads,United States,05358,Instagram
c00121,Steven,Campos,Male,11/10/1982,steven_campos@gmail.com,(+44)5879676687,8601 Manuel Flats Suite 720,United Kingdom,55111,Others
c00122,Brittany,Washington,Female,02/05/1982,brittany_washington@gmail.com,(+44)2092340330,5058 Jennifer Prairie,United Kingdom,13459,Facebook
c00123,Becky,Fernandez,Female,29/12/1963,becky_fernandez@gmail.com,(+32)9187122898,770 Johnson Curve Suite 736,Belgium,29263,Instagram
c00124,Kelly,Larsen,Female,14/05/1986,kelly_larsen@gmail.com,(+44)5546100350,359 Hobbs Lodge Apt. 540,United Kingdom,99290,Instagram
c00125,Amy,Ortiz,Female,26/05/1965,amy_ortiz@gmail.com,(+1)6372332818,2005 Timothy Lock,United States,44237,Referral
c00126,Miguel,Stokes,Male,30/09/1987,miguel_stokes@gmail.com,(+1)3376121299,983 Herman Fork,United States,60688,Facebook
c00127,Ebony,Keller,Other,07/05/1983,ebony_keller@gmail.com,(+86)7262631669,52310 Robert Loaf Apt. 604,China,22342,Others
c00128,Colleen,Berry,Female,22/05/1986,colleen_berry@gmail.com,(+32)7646583838,09769 Vaughan Branch Suite 355,Belgium,39547,Instagram
c00129,Paula,Woodward,Other,30/09/1967,paula_woodward@gmail.com,(+44)4843641473,2008 Palmer Avenue,United Kingdom,17183,Facebook
c00130,Rachel,Hodge,Other,01/02/1975,rachel_hodge@gmail.com,(+32)9524942460,498 Contreras Squares Suite 624,Belgium,79131,Facebook
c00131,Anna,Swanson,Female,07/11/1974,anna_swanson@gmail.com,(+32)8567454188,780 Beth Vista,Belgium,29082,Facebook
c00132,Brandy,Lee,Female,31/10/1975,brandy_lee@gmail.com,(+86)4261685044,33983 Clark Road Apt. 871,China,83920,Referral
c00133,Kelly,Perez,Other,20/04/1968,kelly_perez@gmail.com,(+32)1459787097,82754 Gregory Coves Apt. 277,Belgium,76310,Instagram
c00134,Kenneth,Jones,Male,24/11/1977,kenneth_jones@gmail.com,(+44)1681819417,60764 Owens Drives Suite 969,United Kingdom,18659,Referral
c00135,Erin,Wright,Female,24/05/1963,erin_wright@gmail.com,(+86)5602680185,809 Sandra Inlet Suite 831,China,40417,Instagram
c00136,James,Dudley,Male,18/06/1983,james_dudley@gmail.com,(+44)9098190262,03880 Taylor Meadows,United Kingdom,59382,Referral
c00137,Sonya,Powers,Other,29/07/1978,sonya_powers@gmail.com,(+32)4616802660,7655 Robinson Island Apt. 255,Belgium,62497,Instagram
c00138,Kevin,Sanchez,Male,24/10/1963,kevin_sanchez@gmail.com,(+32)3821004237,39076 Tracy Shoals,Belgium,77525,Referral
c00139,Lisa,Benton,Female,11/10/1980,lisa_benton@gmail.com,(+33)6325911691,970 Guerrero Flats,France,42613,Referral
c00140,Philip,Reed,Male,23/12/1978,philip_reed@gmail.com,(+86)7414274830,885 Peter Freeway Apt. 541,China,30003,Others
c00141,Michele,Hernandez,Female,16/03/1979,michele_hernandez@gmail.com,(+86)9905922693,8943 Lynch Lodge,China,16308,Referral
c00142,Amanda,Armstrong,Other,14/05/1969,amanda_armstrong@gmail.com,(+33)4066470362,12925 Torres Junction Apt. 151,France,96518,Others
c00143,Wendy,Mason,Female,03/02/1974,wendy_mason@gmail.com,(+44)4925272756,51999 Barker Roads,United Kingdom,78840,Others
c00144,Deborah,Swanson,Other,05/03/1976,deborah_swanson@gmail.com,(+32)8083474978,11389 Foley Land,Belgium,20293,Facebook
c00145,Mary,Duncan,Other,13/11/1977,mary_duncan@gmail.com,(+44)4073738176,741 Johnson Point Apt. 453,United Kingdom,08389,Instagram
c00146,Amanda,Nguyen,Female,13/11/1965,amanda_nguyen@gmail.com,(+1)4908490235,094 Roberts Valleys Suite 711,United States,67852,Instagram
c00147,Teresa,Martinez,Female,11/08/1964,teresa_martinez@gmail.com,(+1)1297217160,6619 Sherry Way,United States,20705,Others
c00148,Deborah,Reynolds,Female,04/09/1977,deborah_reynolds@gmail.com,(+33)6197980632,403 Robert Walks,France,58901,Facebook
c00149,Mariah,Cisneros,Other,19/06/1964,mariah_cisneros@gmail.com,(+86)2654984656,1905 Roberts Inlet Apt. 020,China,26439,Others
c00150,Christopher,Moore,Male,02/02/1965,christopher_moore@gmail.com,(+33)9600243038,069 Porter Views,France,30071,Others
c00151,Sarah,Avila,Female,04/06/1971,sarah_avila@gmail.com,(+1)4693633242,0220 Grimes Manor,United States,74901,Others
c00152,James,Moore,Male,10/06/1983,james_moore@gmail.com,(+32)4064959093,695 Wilson Ranch Suite 111,Belgium,46743,Referral
c00153,Angela,Peters,Female,22/11/1968,angela_peters@gmail.com,(+44)5767030897,6083 Bryan Island,United Kingdom,55319,Facebook
c00154,Elizabeth,Johnson,Female,31/07/1978,elizabeth_johnson@gmail.com,(+33)9960381250,86624 Cox Crest Suite 768,France,79444,Facebook
c00155,Roberto,Wyatt,Male,25/10/1965,roberto_wyatt@gmail.com,(+44)6268635286,77669 Harold Union,United Kingdom,81906,Instagram
c00156,Tracey,Mendoza,Female,05/10/1987,tracey_mendoza@gmail.com,(+32)3692162612,11235 Dorothy Courts Suite 284,Belgium,46991,Others
c00157,Cynthia,Wright,Other,02/07/1978,cynthia_wright@gmail.com,(+86)7958217478,81103 Richard Radial,China,70431,Instagram
c00158,Donna,Blackwell,Other,20/03/1973,donna_blackwell@gmail.com,(+86)6412591673,4197 Turner Dale Suite 445,China,71268,Facebook
c00159,Sydney,Carr,Female,17/09/1985,sydney_carr@gmail.com,(+86)4437705151,4816 Foster Avenue,China,14053,Others
c00160,Mark,Marks,Male,30/03/1964,mark_marks@gmail.com,(+32)8871839615,0555 Patricia Lights Apt. 178,Belgium,24822,Others
c00161,Kathleen,Gibbs,Other,13/07/1968,kathleen_gibbs@gmail.com,(+44)3847457357,66496 Jones Locks,United Kingdom,96865,Facebook
c00162,Angela,Patel,Female,22/05/1974,angela_patel@gmail.com,(+44)9667436975,037 Jack Causeway Apt. 990,United Kingdom,24366,Facebook
c00163,Kelly,Frye,Other,20/08/1970,kelly_frye@gmail.com,(+33)4283308819,31413 Gillespie Ridge Apt. 033,France,56788,Referral
c00164,Mariah,Thomas,Other,14/01/1975,mariah_thomas@gmail.com,(+33)7842702838,9007 David Shoal,France,10288,Referral
c00165,John,Mendoza,Male,05/03/1975,john_mendoza@gmail.com,(+1)5472171177,143 Abigail Knoll,United States,79896,Others
c00166,Perry,Anderson,Male,10/10/1985,perry_anderson@gmail.com,(+86)1952486546,2777 Eric Extension Suite 231,China,55947,Instagram
c00167,Katie,Morgan,Female,26/01/1978,katie_morgan@gmail.com,(+1)9038651056,93543 Odonnell Mountain Suite 568,United States,45329,Instagram
c00168,Brendan,Phillips,Male,01/07/1979,brendan_phillips@gmail.com,(+1)7606512538,958 Gonzalez Highway Suite 767,United States,06116,Others
c00169,Elijah,Frazier,Male,23/05/1963,elijah_frazier@gmail.com,(+1)7011671342,36873 Zachary Burg,United States,83168,Referral
c00170,Anthony,Garner,Male,08/09/1985,anthony_garner@gmail.com,(+44)6116253145,1974 Linda Islands Suite 664,United Kingdom,41882,Others
c00171,Scott,Blair,Male,27/06/1976,scott_blair@gmail.com,(+86)8614249526,473 William Key,China,82662,Referral
c00172,Katherine,Martinez,Female,10/05/1984,katherine_martinez@gmail.com,(+86)6301912846,75717 Oconnor Haven,China,66015,Referral
c00173,Marie,Summers,Other,16/09/1965,marie_summers@gmail.com,(+1)3676930998,3662 Lisa Forges Suite 139,United States,98595,Referral
c00174,Emily,Pearson,Female,30/08/1963,emily_pearson@gmail.com,(+33)1115145265,459 Tina Park,France,47840,Facebook
c00175,Sarah,Ortiz,Other,04/08/1980,sarah_ortiz@gmail.com,(+86)3116306182,21181 Amy Turnpike Apt. 664,China,36899,Referral
c00176,Jill,Tucker,Other,09/09/1972,jill_tucker@gmail.com,(+86)6541022825,8440 Richard Extensions Suite 369,China,57791,Instagram
c00177,Jennifer,Williams,Female,22/12/1984,jennifer_williams@gmail.com,(+32)6930789184,230 Myers Dam,Belgium,54460,Facebook
c00178,Katie,Stokes,Female,23/11/1982,katie_stokes@gmail.com,(+44)6472920742,94845 Michele Mountains Apt. 037,United Kingdom,01089,Instagram
c00179,Brandi,Warren,Female,15/11/1966,brandi_warren@gmail.com,(+32)4474796888,8588 Rebecca Mountain,Belgium,55783,Instagram
c00180,Hannah,Mcgrath,Other,28/12/1965,hannah_mcgrath@gmail.com,(+1)8284639214,22248 Price Stream,United States,15599,Others
c00181,Chelsea,Wells,Other,22/03/1987,chelsea_wells@gmail.com,(+32)6765845800,021 Elizabeth Mountains Apt. 332,Belgium,76230,Referral
c00182,Michelle,Brown,Other,24/01/1981,michelle_brown@gmail.com,(+1)8771070198,037 Shelton Crossroad Suite 083,United States,84892,Facebook
c00183,Jeffrey,Leonard,Male,24/02/1967,jeffrey_leonard@gmail.com,(+32)5517194627,49283 Michael Village Suite 089,Belgium,28360,Facebook
c00184,Robert,Franklin,Male,18/05/1966,robert_franklin@gmail.com,(+1)8091883224,757 Daniel Junctions Apt. 346,United States,52820,Facebook
c00185,Kelly,Gonzalez,Male,04/09/1986,kelly_gonzalez@gmail.com,(+86)2457576379,5282 Walker Inlet Apt. 541,China,26321,Referral
c00186,Nicholas,Torres,Male,30/10/1963,nicholas_torres@gmail.com,(+32)2398952225,91459 Parker Landing Apt. 792,Belgium,25686,Facebook
c00187,Debbie,Edwards,Female,05/03/1971,debbie_edwards@gmail.com,(+44)2501505274,3767 Patel Inlet Suite 310,United Kingdom,90945,Referral
c00188,Patrick,Frazier,Male,24/04/1970,patrick_frazier@gmail.com,(+33)6266549832,53286 Sandra Passage,France,48186,Others
c00189,Matthew,Cruz,Male,27/12/1975,matthew_cruz@gmail.com,(+1)8132849170,574 Miller Point,United States,52592,Referral
c00190,Mary,James,Other,03/08/1982,mary_james@gmail.com,(+32)6452654579,55713 Cynthia Mission,Belgium,15081,Others
c00191,Tonya,Rodriguez,Female,16/11/1976,tonya_rodriguez@gmail.com,(+1)8377766991,052 Danielle Crest Apt. 564,United States,62310,Referral
c00192,Richard,Rodriguez,Male,08/03/1974,richard_rodriguez@gmail.com,(+44)3368256626,4726 Estes Street,United Kingdom,32169,Others
c00193,Tamara,Bush,Female,12/11/1964,tamara_bush@gmail.com,(+1)4947933596,367 Kim Ridges,United States,76778,Others
c00194,Kristen,Bennett,Other,11/11/1988,kristen_bennett@gmail.com,(+1)9365282880,0340 Angela Skyway,United States,52260,Others
c00195,David,King,Male,05/07/1964,david_king@gmail.com,(+44)9465581717,33793 Daniels Tunnel Suite 280,United Kingdom,82630,Facebook
c00196,Andrea,Duran,Other,08/03/1978,andrea_duran@gmail.com,(+44)2174997722,5293 Thomas Road,United Kingdom,15856,Instagram
c00197,Jared,Church,Male,17/03/1973,jared_church@gmail.com,(+1)6895237488,7063 Thompson Glen Apt. 530,United States,64792,Instagram
c00198,Tyrone,Green,Male,06/07/1973,tyrone_green@gmail.com,(+33)8752821194,721 Nichole Estate Suite 618,France,74826,Instagram
c00199,Kevin,Bonilla,Male,04/04/1984,kevin_bonilla@gmail.com,(+1)4715511710,95875 Daniel Stream Apt. 053,United States,46504,Facebook
c00200,Shannon,Martin,Other,29/03/1981,shannon_martin@gmail.com,(+1)5681998718,424 Gonzales Brook Suite 736,United States,36529,Referral
c00201,Lisa,Payne,Female,28/11/1965,lisa_payne@gmail.com,(+86)8517800208,659 Katherine Trace Suite 045,China,04871,Facebook
c00202,Melody,Fields,Other,03/11/1981,melody_fields@gmail.com,(+1)4335145733,195 Reyes Plain,United States,91117,Others
c00203,Taylor,Harris,Other,07/08/1974,taylor_harris@gmail.com,(+1)4579352606,6926 Schultz Shores,United States,64148,Instagram
c00204,Melinda,Bailey,Female,25/11/1983,melinda_bailey@gmail.com,(+1)1681939465,06170 Eric Crossroad,United States,28808,Facebook
c00205,Caleb,Mcintyre,Male,22/10/1965,caleb_mcintyre@gmail.com,(+44)6897281958,33827 Jenna Vista,United Kingdom,24204,Facebook
c00206,Kyle,Diaz,Male,04/04/1985,kyle_diaz@gmail.com,(+32)4351610189,73012 Kelsey Lodge,Belgium,58162,Referral
c00207,Melanie,Colon,Other,28/12/1983,melanie_colon@gmail.com,(+1)8201667998,80219 James Orchard Apt. 092,United States,08908,Referral
c00208,Audrey,Lynn,Female,19/06/1977,audrey_lynn@gmail.com,(+32)1249199151,93371 Palmer Crossroad Suite 193,Belgium,32421,Instagram
c00209,Anna,Gray,Other,29/12/1979,anna_gray@gmail.com,(+86)4676123596,51307 Jennifer Coves Suite 729,China,08868,Referral
c00210,Robin,Allen,Other,07/09/1982,robin_allen@gmail.com,(+44)6082253023,0255 Reynolds Rest Apt. 341,United Kingdom,07244,Others
c00211,Teresa,Cannon,Other,10/05/1970,teresa_cannon@gmail.com,(+33)5422101466,967 Adam Drive,France,75432,Instagram
c00212,Vanessa,Flores,Female,15/12/1975,vanessa_flores@gmail.com,(+86)7106799842,212 Stanton Islands Suite 449,China,25662,Instagram
c00213,Vicki,Quinn,Other,21/08/1978,vicki_quinn@gmail.com,(+33)1634037417,697 William Ramp Apt. 191,France,51451,Instagram
c00214,Kim,Orr,Other,28/03/1982,kim_orr@gmail.com,(+86)2636628512,156 Mike Green,China,55837,Others
c00215,Julie,Adams,Female,08/12/1980,julie_adams@gmail.com,(+1)7284931860,409 Leonard Coves,United States,46235,Others
c00216,Clinton,Esparza,Male,14/04/1979,clinton_esparza@gmail.com,(+1)1810033908,5978 Kristina Burgs Suite 283,United States,99537,Facebook
c00217,Dawn,Price,Female,26/09/1978,dawn_price@gmail.com,(+33)8435968268,671 Brooks Union,France,36685,Referral
c00218,Robert,Johnson,Male,10/04/1978,robert_johnson@gmail.com,(+32)8862414646,557 Amy Branch Suite 474,Belgium,09317,Instagram
c00219,Carrie,Lucas,Female,14/07/1975,carrie_lucas@gmail.com,(+1)3234753679,7950 Robert Neck Apt. 952,United States,91732,Facebook
c00220,Lisa,Carter,Female,11/04/1979,lisa_carter@gmail.com,(+32)1183395862,31176 Washington Stream Apt. 146,Belgium,33609,Referral
c00221,Karen,Rodriguez,Other,30/01/1985,karen_rodriguez@gmail.com,(+44)3856683220,26597 Daniel Drive,United Kingdom,01581,Referral
c00222,Blake,Holmes,Male,18/12/1981,blake_holmes@gmail.com,(+1)4675884230,18750 Richard Ways,United States,86131,Others
c00223,Timothy,Terry,Male,13/07/1968,timothy_terry@gmail.com,(+86)5026415943,527 Johnson Lane,China,35851,Facebook
c00224,Jerry,Velez,Male,15/12/1981,jerry_velez@gmail.com,(+33)6699665599,86186 Sutton Parkways Apt. 714,France,39499,Referral
c00225,Wendy,Thompson,Other,31/08/1965,wendy_thompson@gmail.com,(+32)8242620371,5703 Figueroa Shoals,Belgium,58262,Others
c00226,Philip,Johnson,Male,18/03/1986,philip_johnson@gmail.com,(+33)8345577236,11395 James Crest,France,78887,Facebook
c00227,Tiffany,Johnson,Female,30/06/1984,tiffany_johnson@gmail.com,(+33)4088479090,73835 Mendez Rest,France,67641,Instagram
c00228,Lisa,Price,Female,26/08/1987,lisa_price@gmail.com,(+44)5575711638,797 Francis Viaduct Suite 740,United Kingdom,03208,Instagram
c00229,Lisa,Simpson,Female,29/11/1974,lisa_simpson@gmail.com,(+1)6811744724,640 Parker Mall,United States,45273,Others
c00230,Darlene,Moore,Female,08/10/1966,darlene_moore@gmail.com,(+33)2015050378,54311 Erica Garden Apt. 814,France,16435,Facebook
c00231,Stephanie,Fisher,Female,18/05/1963,stephanie_fisher@gmail.com,(+1)3805569544,094 Carol Cliffs Apt. 289,United States,01665,Others
c00232,John,Davis,Male,06/03/1984,john_davis@gmail.com,(+1)3601390760,3925 Wendy Wells Suite 338,United States,97196,Referral
c00233,James,Carpenter,Male,25/01/1989,james_carpenter@gmail.com,(+44)3461916507,448 Brandon Lodge Suite 602,United Kingdom,87641,Facebook
c00234,Laura,Oneal,Other,25/12/1973,laura_oneal@gmail.com,(+33)7960811072,052 Matthew Isle Suite 651,France,46456,Referral
c00235,Judy,Bush,Female,27/04/1987,judy_bush@gmail.com,(+1)5109211438,34813 Brenda Parks,United States,72510,Others
c00236,Zachary,Moore,Male,25/12/1975,zachary_moore@gmail.com,(+33)1240780426,4196 Rachel Common Suite 283,France,67389,Facebook
c00237,Charles,Walters,Male,13/07/1987,charles_walters@gmail.com,(+86)9254039934,7027 Brittany Valley Apt. 651,China,46795,Facebook
c00238,Kristy,Rodriguez,Other,12/03/1969,kristy_rodriguez@gmail.com,(+86)1427337807,2741 Elizabeth Flats,China,31249,Referral
c00239,Susan,Bennett,Other,06/04/1978,susan_bennett@gmail.com,(+44)4810386886,083 Angela Roads Apt. 982,United Kingdom,09026,Referral
c00240,Kelly,Leblanc,Other,23/06/1964,kelly_leblanc@gmail.com,(+33)1747344483,710 Tamara Lodge,France,26069,Instagram
c00241,Sarah,Nguyen,Female,02/01/1971,sarah_nguyen@gmail.com,(+33)9048634091,09511 Brittany Ramp,France,62114,Others
c00242,Cindy,Moore,Other,16/09/1979,cindy_moore@gmail.com,(+86)1957758509,0522 Bianca Lakes Suite 617,China,46460,Facebook
c00243,Brandon,Norris,Male,23/07/1966,brandon_norris@gmail.com,(+32)7485558530,52443 Jeffery Mall,Belgium,12623,Others
c00244,Joseph,Robinson,Male,09/02/1982,joseph_robinson@gmail.com,(+1)9316810429,5792 John Via Apt. 405,United States,35555,Facebook
c00245,Ashley,Hodge,Other,09/03/1972,ashley_hodge@gmail.com,(+86)4666736162,48079 Hall Circle Suite 244,China,88369,Others
c00246,Kylie,Johnson,Other,04/08/1975,kylie_johnson@gmail.com,(+32)9370318546,007 Christina Squares,Belgium,19977,Instagram
c00247,Deborah,Jones,Other,01/07/1965,deborah_jones@gmail.com,(+32)6704873893,7139 Abbott Throughway,Belgium,26242,Facebook
c00248,Caitlin,Mejia,Female,07/12/1988,caitlin_mejia@gmail.com,(+33)5919845751,7770 Stephanie Plaza,France,17674,Instagram
c00249,Eileen,Walsh,Female,07/02/1977,eileen_walsh@gmail.com,(+44)6550903659,22931 Richard Flats,United Kingdom,94278,Instagram
c00250,Patricia,Moore,Other,28/08/1985,patricia_moore@gmail.com,(+1)6146307265,931 Mullins Street,United States,62098,Instagram
c00251,Katelyn,Taylor,Other,19/09/1963,katelyn_taylor@gmail.com,(+44)1200053793,2449 James Meadows,United Kingdom,44259,Instagram
c00252,Janet,Bell,Other,28/01/1980,janet_bell@gmail.com,(+32)2082524169,3911 Johnson Extension,Belgium,45575,Facebook
c00253,James,Newman,Male,17/01/1966,james_newman@gmail.com,(+33)3259854822,1419 Rosario Spurs Apt. 605,France,55578,Facebook
c00254,Andrew,English,Male,24/07/1967,andrew_english@gmail.com,(+33)2134657626,54120 Brandon Mount Apt. 681,France,17960,Instagram
c00255,Jennifer,Abbott,Other,26/03/1973,jennifer_abbott@gmail.com,(+86)3388095239,9929 Nelson Rue,China,48695,Others
c00256,Jared,Taylor,Male,31/12/1980,jared_taylor@gmail.com,(+1)1947025620,086 Monica Fall,United States,14743,Facebook
c00257,Elizabeth,Scott,Female,29/12/1978,elizabeth_scott@gmail.com,(+33)4829973857,4626 Ryan Courts Apt. 467,France,06409,Instagram
c00258,Linda,Griffin,Female,22/11/1966,linda_griffin@gmail.com,(+1)3096048271,1071 Angela Parkways,United States,80976,Others
c00259,Nicholas,Hanna,Male,04/02/1976,nicholas_hanna@gmail.com,(+44)6966303585,3806 Kelly Springs Suite 161,United Kingdom,15430,Facebook
c00260,Jeffrey,Torres,Male,09/02/1968,jeffrey_torres@gmail.com,(+44)4530481849,964 Emily Hollow Apt. 721,United Kingdom,08475,Instagram
c00261,Sarah,Miller,Female,26/10/1963,sarah_miller@gmail.com,(+32)7669302195,943 Kirk Via,Belgium,52123,Instagram
c00262,Lindsey,Kelly,Other,13/02/1968,lindsey_kelly@gmail.com,(+1)1736260184,45949 Powers Turnpike Apt. 402,United States,88453,Facebook
c00263,Shelly,Mathews,Other,05/12/1975,shelly_mathews@gmail.com,(+33)7983459682,99423 Ford Prairie,France,67272,Instagram
c00264,Brandy,Mathis,Other,28/07/1965,brandy_mathis@gmail.com,(+86)7745358544,968 Rocha Manor,China,22292,Facebook
c00265,Nicole,Sullivan,Female,08/01/1965,nicole_sullivan@gmail.com,(+32)2481550663,312 Donna Canyon,Belgium,95120,Others
c00266,Kelsey,Duffy,Other,03/12/1988,kelsey_duffy@gmail.com,(+1)4083569839,4244 Jerry Hills,United States,41113,Referral
c00267,Heidi,Kim,Other,23/07/1969,heidi_kim@gmail.com,(+44)3907229493,114 Suzanne Motorway,United Kingdom,11761,Referral
c00268,William,Phillips,Male,27/03/1984,william_phillips@gmail.com,(+44)7970158558,06188 Andrew Shoals,United Kingdom,10978,Others
c00269,Jennifer,Casey,Other,19/08/1978,jennifer_casey@gmail.com,(+44)5022102371,998 Barnett Ranch Apt. 453,United Kingdom,38953,Others
c00270,Traci,Fleming,Other,15/12/1982,traci_fleming@gmail.com,(+86)3732570016,84308 Kari Drives,China,21263,Referral
c00271,Christine,Carroll,Female,18/01/1989,christine_carroll@gmail.com,(+1)1434784978,64798 Michael Field,United States,73974,Others
c00272,Kevin,Young,Male,16/06/1966,kevin_young@gmail.com,(+1)3025303423,72456 Adkins Hill,United States,68366,Facebook
c00273,Andrew,Keller,Male,25/12/1967,andrew_keller@gmail.com,(+86)4179686327,66473 Calderon Cape Suite 965,China,35875,Facebook
c00274,Zachary,Harrington,Male,01/06/1978,zachary_harrington@gmail.com,(+1)6894581363,069 Black Valleys,United States,94661,Facebook
c00275,Randall,Simpson,Male,27/11/1967,randall_simpson@gmail.com,(+86)7526065982,6440 Johnson Stravenue,China,19161,Facebook
c00276,Jonathan,Hale,Male,07/11/1974,jonathan_hale@gmail.com,(+32)2169161503,34880 Adrian Oval Suite 396,Belgium,90952,Referral
c00277,Shannon,Williams,Other,30/03/1968,shannon_williams@gmail.com,(+1)8590316025,8481 Kimberly Key Apt. 902,United States,11642,Instagram
c00278,Ian,Pearson,Male,25/07/1970,ian_pearson@gmail.com,(+86)4920358958,7195 Rivera Courts Apt. 290,China,24193,Others
c00279,Adrian,Kelley,Male,27/10/1988,adrian_kelley@gmail.com,(+32)4963065512,78813 Jeremy Greens Suite 469,Belgium,23683,Referral
c00280,Debbie,Rodriguez,Female,03/09/1963,debbie_rodriguez@gmail.com,(+1)9708800839,60195 Gregory Trail,United States,84071,Referral
c00281,Patricia,Johnson,Female,18/10/1968,patricia_johnson@gmail.com,(+86)6637972183,131 Cummings Port Suite 857,China,66706,Instagram
c00282,Scott,Perez,Male,10/04/1969,scott_perez@gmail.com,(+33)7351675540,925 Earl Mills Suite 424,France,96956,Facebook
c00283,Shelley,Tran,Female,25/04/1985,shelley_tran@gmail.com,(+33)2054349285,8416 Mcbride Falls Apt. 896,France,05419,Others
c00284,Joanne,Carpenter,Female,05/07/1966,joanne_carpenter@gmail.com,(+1)4275630829,06214 Javier Trail Apt. 887,United States,69562,Instagram
c00285,Amy,Guerrero,Other,01/08/1975,amy_guerrero@gmail.com,(+86)2276953170,813 Elizabeth Well Suite 760,China,42373,Facebook
c00286,Charles,Turner,Male,25/09/1970,charles_turner@gmail.com,(+33)4275351601,9480 Ramos Mews Apt. 852,France,94384,Instagram
c00287,Shawn,Foley,Male,29/10/1979,shawn_foley@gmail.com,(+32)3796049501,03956 Victoria Landing,Belgium,25448,Instagram
c00288,Crystal,Nunez,Other,31/07/1963,crystal_nunez@gmail.com,(+44)6421637697,335 Harper Creek Apt. 395,United Kingdom,26805,Facebook
c00289,Isabel,Hobbs,Female,07/11/1987,isabel_hobbs@gmail.com,(+33)1231637189,235 Michael Mall,France,19881,Others
c00290,Mary,Hamilton,Other,27/12/1969,mary_hamilton@gmail.com,(+33)6240403773,321 Johnson Wall Suite 659,France,33772,Referral
c00291,Sean,Schmidt,Male,25/02/1973,sean_schmidt@gmail.com,(+1)8984063111,32739 Latoya Glens,United States,43776,Referral
c00292,John,Hoover,Male,06/09/1976,john_hoover@gmail.com,(+44)6032526753,9602 Jonathan Plain,United Kingdom,52700,Referral
c00293,Joshua,Richmond,Male,25/11/1966,joshua_richmond@gmail.com,(+86)5379881652,448 Romero Ridge Suite 012,China,17206,Referral
c00294,John,Clark,Male,17/12/1964,john_clark@gmail.com,(+33)8794920778,017 Sarah Forge,France,16056,Instagram
c00295,Megan,Bryant,Other,30/07/1981,megan_bryant@gmail.com,(+32)8039534939,897 Wood Ridges,Belgium,93950,Others
c00296,Bruce,Foster,Male,02/06/1978,bruce_foster@gmail.com,(+1)9373880709,6481 Burton Radial,United States,29163,Referral
c00297,Amber,Reyes,Other,11/04/1986,amber_reyes@gmail.com,(+86)5927247071,68532 Payne Pines Suite 489,China,57983,Instagram
c00298,Maria,Martin,Other,09/08/1964,maria_martin@gmail.com,(+1)8602658678,3067 Hunt Plaza Apt. 235,United States,56881,Others
c00299,Samantha,Jackson,Other,20/03/1964,samantha_jackson@gmail.com,(+86)6177788859,2669 Nicole Vista Apt. 329,China,98281,Instagram
c00300,Taylor,Nichols,Other,22/09/1978,taylor_nichols@gmail.com,(+1)7173369409,93452 Robin Knoll,United States,33249,Others
c00301,Jason,Kaufman,Male,12/02/1981,jason_kaufman@gmail.com,(+33)9267135095,0944 Chad Cape,France,71194,Others
c00302,Diana,Taylor,Other,31/10/1978,diana_taylor@gmail.com,(+32)2901354288,42192 Danielle Circle Apt. 545,Belgium,71158,Instagram
c00303,Rhonda,Watson,Female,18/03/1976,rhonda_watson@gmail.com,(+86)5666124310,60079 Jason Spur Apt. 738,China,95964,Referral
c00304,Jody,Lee,Other,20/10/1964,jody_lee@gmail.com,(+86)5300726814,72802 Murphy Drive,China,69774,Facebook
c00305,Samantha,Sutton,Female,15/12/1976,samantha_sutton@gmail.com,(+86)6609608910,781 Patricia Orchard Apt. 778,China,46585,Others
c00306,Trevor,Cooper,Male,29/03/1967,trevor_cooper@gmail.com,(+1)8039359505,970 Harper Branch,United States,84943,Referral
c00307,Cheryl,White,Female,16/04/1986,cheryl_white@gmail.com,(+32)2013361605,689 Mitchell Expressway Apt. 783,Belgium,96781,Referral
c00308,Joann,Daniel,Female,18/12/1981,joann_daniel@gmail.com,(+86)5469618128,289 Stephanie Extensions Apt. 795,China,18814,Facebook
c00309,Jennifer,Lawrence,Other,14/01/1968,jennifer_lawrence@gmail.com,(+44)3346002998,5308 Joan Extensions Apt. 428,United Kingdom,33603,Referral
c00310,Jon,Maldonado,Male,03/09/1983,jon_maldonado@gmail.com,(+32)2730319163,041 Williams Ville,Belgium,75254,Others
c00311,Gwendolyn,Thompson,Female,17/08/1982,gwendolyn_thompson@gmail.com,(+86)2232841157,40105 Sarah Branch,China,08132,Referral
c00312,Vincent,Garrison,Male,01/10/1977,vincent_garrison@gmail.com,(+32)1504693791,8077 Bush Mission,Belgium,71892,Others
c00313,Laura,Nelson,Other,20/06/1979,laura_nelson@gmail.com,(+44)2925169397,797 Melanie Valley Suite 180,United Kingdom,50977,Others
c00314,Amy,Hardy,Female,17/12/1985,amy_hardy@gmail.com,(+33)6481266002,165 Ballard Glen Suite 570,France,85153,Instagram
c00315,Sheila,Rush,Other,22/12/1988,sheila_rush@gmail.com,(+33)5487326718,90135 Michelle Lock,France,00810,Facebook
c00316,Jesus,Williams,Male,27/12/1969,jesus_williams@gmail.com,(+32)6212680053,811 Matthews Field Apt. 642,Belgium,86345,Referral
c00317,Jessica,Hall,Female,23/05/1987,jessica_hall@gmail.com,(+32)1749880493,189 White Club Suite 582,Belgium,07999,Referral
c00318,Stephanie,Price,Other,02/10/1963,stephanie_price@gmail.com,(+32)1387042606,6367 Thomas Ports Suite 408,Belgium,96092,Referral
c00319,Kristy,Morris,Other,24/12/1963,kristy_morris@gmail.com,(+32)2652804746,09121 Emily Field Suite 367,Belgium,06559,Referral
c00320,Aaron,Lam,Male,31/08/1980,aaron_lam@gmail.com,(+32)9507510305,5464 Juan Landing Apt. 687,Belgium,92139,Referral
c00321,Michelle,Matthews,Female,01/11/1968,michelle_matthews@gmail.com,(+32)8985777967,28876 Reginald Island,Belgium,03322,Instagram
c00322,Louis,Whitaker,Male,17/11/1986,louis_whitaker@gmail.com,(+32)4614387363,84131 Jennifer Dam Suite 615,Belgium,29195,Instagram
c00323,Alexis,Bullock,Other,18/03/1984,alexis_bullock@gmail.com,(+33)5000266433,898 Gloria Vista Suite 950,France,47823,Instagram
c00324,Michael,Kelly,Male,24/02/1989,michael_kelly@gmail.com,(+44)9431481199,875 Thomas Station,United Kingdom,68688,Referral
c00325,Jeffrey,Gonzalez,Male,11/01/1977,jeffrey_gonzalez@gmail.com,(+32)2615580329,91116 Crawford Springs Suite 132,Belgium,61905,Facebook
c00326,Ashley,Kerr,Female,05/09/1968,ashley_kerr@gmail.com,(+86)8211310992,464 Mark Forge,China,76922,Referral
c00327,Gordon,Henderson,Male,10/06/1966,gordon_henderson@gmail.com,(+44)2041899368,14082 Brittany Mountain,United Kingdom,89164,Others
c00328,Kristina,Smith,Other,24/06/1968,kristina_smith@gmail.com,(+33)3683314709,10011 Nathan Heights,France,63931,Facebook
c00329,Jordan,Thomas,Male,19/05/1966,jordan_thomas@gmail.com,(+1)8507883107,253 Christopher Estates,United States,84572,Facebook
c00330,Geoffrey,Porter,Male,16/11/1978,geoffrey_porter@gmail.com,(+1)1861170099,571 Briana Fall Suite 457,United States,04350,Instagram
c00331,Becky,Hays,Female,15/02/1966,becky_hays@gmail.com,(+44)7924538040,65185 Valdez Rapid,United Kingdom,64125,Referral
c00332,April,Davis,Female,24/12/1981,april_davis@gmail.com,(+32)2763415273,00153 Christine Plaza,Belgium,06219,Referral
c00333,Thomas,Stewart,Male,13/01/1973,thomas_stewart@gmail.com,(+44)1060451901,984 Chelsea Shoals,United Kingdom,62305,Instagram
c00334,Sharon,Bass,Female,31/12/1972,sharon_bass@gmail.com,(+86)4218707542,764 Evans Run Suite 781,China,98378,Facebook
c00335,Kevin,Baker,Male,11/08/1981,kevin_baker@gmail.com,(+44)2941323626,22543 Regina Mountain Suite 070,United Kingdom,44822,Others
c00336,Sabrina,Daniels,Other,08/10/1988,sabrina_daniels@gmail.com,(+44)5311368243,2035 Rocha Pine Apt. 971,United Kingdom,71759,Others
c00337,Stephanie,Howard,Other,27/01/1976,stephanie_howard@gmail.com,(+1)5215475729,331 Samuel Walk Apt. 347,United States,82812,Others
c00338,Thomas,Robinson,Male,13/11/1981,thomas_robinson@gmail.com,(+44)7927039157,747 Donna Falls Suite 895,United Kingdom,18763,Instagram
c00339,Audrey,Knight,Female,24/07/1968,audrey_knight@gmail.com,(+33)7554457864,697 Sarah Shore Apt. 847,France,71416,Instagram
c00340,Angela,Daniels,Female,20/06/1973,angela_daniels@gmail.com,(+32)4799696582,862 Spencer Fields Apt. 481,Belgium,71955,Others
c00341,Cody,Thompson,Male,21/12/1984,cody_thompson@gmail.com,(+32)4335351772,780 Melissa Ridges,Belgium,61768,Facebook
c00342,Alyssa,Torres,Other,26/02/1984,alyssa_torres@gmail.com,(+32)9473898258,250 Petty Ferry Suite 444,Belgium,14381,Instagram
c00343,Ann,Hensley,Other,09/10/1971,ann_hensley@gmail.com,(+32)2288851404,61594 Marcus Isle,Belgium,99221,Instagram
c00344,Brenda,Cunningham,Other,03/05/1968,brenda_cunningham@gmail.com,(+33)2585279268,96409 Matthew Tunnel,France,23136,Referral
c00345,Tara,Cook,Other,25/01/1987,tara_cook@gmail.com,(+32)6140262255,7136 Elizabeth Extensions Apt. 443,Belgium,10456,Facebook
c00346,Catherine,Lowe,Female,15/05/1965,catherine_lowe@gmail.com,(+1)4489427232,526 French Track,United States,35948,Instagram
c00347,Michele,Walls,Female,24/08/1975,michele_walls@gmail.com,(+1)2037926931,4333 Brennan Drive Suite 888,United States,84296,Instagram
c00348,Valerie,Cabrera,Other,02/04/1982,valerie_cabrera@gmail.com,(+44)9428845332,95974 Sanchez Knolls,United Kingdom,04939,Others
c00349,Todd,Pugh,Male,17/04/1978,todd_pugh@gmail.com,(+32)9460801819,899 Joan Villages,Belgium,33020,Others
c00350,Louis,Castro,Male,17/07/1968,louis_castro@gmail.com,(+44)9146727883,3338 Elizabeth Viaduct Suite 358,United Kingdom,71572,Facebook
c00351,Victoria,Flores,Other,30/10/1979,victoria_flores@gmail.com,(+33)6786759327,79095 Kline Camp Apt. 097,France,63080,Others
c00352,Susan,Watson,Female,17/11/1975,susan_watson@gmail.com,(+44)9850196611,03267 Brown Divide Suite 464,United Kingdom,28619,Facebook
c00353,Cheryl,Simpson,Other,04/06/1980,cheryl_simpson@gmail.com,(+32)3975472013,26422 Dorothy Bypass,Belgium,95527,Referral
c00354,Steven,Fernandez,Male,30/01/1979,steven_fernandez@gmail.com,(+33)1123689937,785 Jimmy Divide,France,57571,Facebook
c00355,Kimberly,Ramirez,Female,14/05/1966,kimberly_ramirez@gmail.com,(+33)8758167016,3300 Hanna Ville,France,44909,Facebook
c00356,Jessica,Duarte,Other,07/11/1983,jessica_duarte@gmail.com,(+32)8708585331,30741 Ray Isle Suite 197,Belgium,10391,Others
c00357,Linda,Guerrero,Other,18/08/1967,linda_guerrero@gmail.com,(+86)4756061077,5545 Jessica Station,China,77045,Instagram
c00358,Patricia,Morton,Other,30/04/1969,patricia_morton@gmail.com,(+1)1681696653,771 Eric Route Suite 942,United States,02186,Others
c00359,Vanessa,Barrera,Female,26/12/1983,vanessa_barrera@gmail.com,(+1)2003042252,54851 David Mews,United States,32479,Facebook
c00360,Christy,Randolph,Female,04/09/1988,christy_randolph@gmail.com,(+1)1172678937,3082 Haney Radial,United States,20382,Instagram
c00361,Frances,Cooper,Female,30/03/1965,frances_cooper@gmail.com,(+33)2966679401,131 Becker Branch Apt. 033,France,51001,Facebook
c00362,Teresa,Bartlett,Other,17/12/1964,teresa_bartlett@gmail.com,(+32)6778066443,5650 Ashley Haven,Belgium,57879,Others
c00363,Anna,Daniels,Female,30/04/1964,anna_daniels@gmail.com,(+32)1027498345,611 Weber Mall Apt. 778,Belgium,19618,Referral
c00364,Jeff,Ball,Male,12/02/1979,jeff_ball@gmail.com,(+44)3420685200,0694 Chloe Neck Suite 538,United Kingdom,45083,Instagram
c00365,Shelby,Woods,Other,26/04/1975,shelby_woods@gmail.com,(+86)7287219025,384 Wilson Light Suite 961,China,42090,Instagram
c00366,Nicole,Wright,Female,01/10/1970,nicole_wright@gmail.com,(+44)2783069260,2258 Shelly Wall,United Kingdom,38381,Facebook
c00367,Dustin,Lewis,Male,18/09/1988,dustin_lewis@gmail.com,(+32)8896948829,1022 Keith Tunnel Suite 115,Belgium,30089,Others
c00368,Kim,Jones,Female,20/06/1979,kim_jones@gmail.com,(+1)7899833544,990 Beth Flat,United States,84393,Others
c00369,Kayla,Silva,Other,02/12/1974,kayla_silva@gmail.com,(+44)3179986504,179 Anna Walks,United Kingdom,68656,Instagram
c00370,Joseph,Kelly,Male,24/10/1978,joseph_kelly@gmail.com,(+1)9686434420,615 Matthew Terrace Apt. 614,United States,42499,Facebook
c00371,Traci,Carlson,Female,12/04/1979,traci_carlson@gmail.com,(+1)8224115210,26144 Emily Mountains Suite 217,United States,28367,Facebook
c00372,Kimberly,Hall,Other,30/04/1981,kimberly_hall@gmail.com,(+86)2082898228,5295 Carrie Lakes Apt. 866,China,17638,Facebook
c00373,Carol,Bates,Other,15/03/1989,carol_bates@gmail.com,(+44)3972080173,28964 Hughes Island,United Kingdom,15937,Facebook
c00374,Sara,Williams,Female,04/10/1980,sara_williams@gmail.com,(+44)4078377922,62846 Christian Springs,United Kingdom,26060,Referral
c00375,Sharon,Pollard,Other,13/06/1974,sharon_pollard@gmail.com,(+32)7293169209,7747 Johnson Pines,Belgium,90503,Referral
c00376,Patricia,Oneal,Female,23/10/1964,patricia_oneal@gmail.com,(+33)6009364764,4547 Stacy Canyon,France,41158,Referral
c00377,Richard,Brandt,Male,04/03/1982,richard_brandt@gmail.com,(+44)4947840791,27994 Breanna Villages,United Kingdom,29371,Referral
c00378,Anthony,Morton,Male,18/11/1981,anthony_morton@gmail.com,(+1)5391215270,49305 Travis Plains,United States,31169,Others
c00379,Heather,Mullen,Female,07/01/1985,heather_mullen@gmail.com,(+32)3230461719,1785 Ryan Terrace,Belgium,48198,Others
c00380,James,Waters,Male,28/01/1966,james_waters@gmail.com,(+44)3537685651,398 Amanda Green,United Kingdom,72534,Facebook
c00381,Brittney,Hill,Other,09/10/1974,brittney_hill@gmail.com,(+1)5405425829,6095 Juarez Shoals Suite 325,United States,81742,Instagram
c00382,Melissa,Ramirez,Female,14/04/1973,melissa_ramirez@gmail.com,(+86)9137069003,0223 Morris Greens,China,12599,Facebook
c00383,Michelle,Wade,Female,31/10/1976,michelle_wade@gmail.com,(+33)1994996301,5621 Andrew Trace Suite 238,France,97165,Instagram
c00384,Sharon,Delacruz,Other,10/05/1988,sharon_delacruz@gmail.com,(+32)8081130701,6745 Walter Ways,Belgium,41951,Others
c00385,Amanda,Burke,Female,07/08/1985,amanda_burke@gmail.com,(+1)2554452696,54164 Hurley Divide Apt. 278,United States,61454,Others
c00386,Aaron,Rice,Male,03/10/1967,aaron_rice@gmail.com,(+33)3591909801,92195 Heather Mountains,France,20346,Referral
c00387,Angela,Benson,Other,09/02/1986,angela_benson@gmail.com,(+44)2290873933,24459 Danny Place,United Kingdom,24274,Referral
c00388,Michelle,Schultz,Female,16/10/1964,michelle_schultz@gmail.com,(+1)3917331443,596 Price Isle Apt. 182,United States,43272,Others
c00389,Holly,West,Other,06/02/1969,holly_west@gmail.com,(+1)9174142815,310 Hull Skyway,United States,59183,Facebook
c00390,Sarah,Miller,Other,28/04/1963,sarah_miller@gmail.com,(+1)6390024044,5435 Eduardo Drives Apt. 827,United States,39528,Referral
c00391,Suzanne,Garcia,Female,25/02/1974,suzanne_garcia@gmail.com,(+33)4727011227,595 Deborah Mission,France,70835,Others
c00392,Joe,Whitehead,Male,22/10/1967,joe_whitehead@gmail.com,(+44)6472305718,8158 Fox Light,United Kingdom,79483,Instagram
c00393,Brooke,Perez,Other,19/11/1979,brooke_perez@gmail.com,(+86)4621186669,10487 Andre Bridge Suite 140,China,86544,Others
c00394,Justin,Williams,Male,27/04/1973,justin_williams@gmail.com,(+86)8914805525,8541 Susan Station Suite 261,China,62764,Referral
c00395,Wayne,Johnson,Male,08/06/1968,wayne_johnson@gmail.com,(+1)3852161055,17847 Flores Pass,United States,14999,Facebook
c00396,Jonathan,Taylor,Male,17/11/1971,jonathan_taylor@gmail.com,(+32)8170276373,581 Bryant Isle,Belgium,35132,Instagram
c00397,Thomas,Stephenson,Male,30/06/1966,thomas_stephenson@gmail.com,(+44)3348068181,101 Kelly Ville,United Kingdom,10687,Referral
c00398,Joshua,Franco,Male,10/04/1968,joshua_franco@gmail.com,(+86)6547859228,617 Herrera Ridge,China,42347,Referral
c00399,Judith,Miller,Female,17/01/1980,judith_miller@gmail.com,(+1)7511659362,72347 Matthew Neck,United States,44864,Facebook
c00400,Jason,Adams,Male,18/12/1972,jason_adams@gmail.com,(+32)7415710496,319 Kelley Junction,Belgium,34233,Referral
c00401,Gary,Jones,Male,20/03/1982,gary_jones@gmail.com,(+86)2297102665,411 Jeremy Ranch,China,10515,Instagram
c00402,Michael,Alexander,Male,30/12/1981,michael_alexander@gmail.com,(+86)8188524522,1068 Michael Forge Suite 806,China,59778,Instagram
c00403,Sharon,Smith,Female,26/01/1976,sharon_smith@gmail.com,(+86)6014558112,1027 Bean Burg Suite 743,China,41299,Instagram
c00404,Jennifer,Lambert,Female,09/10/1988,jennifer_lambert@gmail.com,(+44)6702632265,966 Woods Pass,United Kingdom,71520,Instagram
c00405,Taylor,Lopez,Other,14/06/1970,taylor_lopez@gmail.com,(+32)2921752438,38835 Jason Plains Apt. 938,Belgium,20262,Referral
c00406,Justin,Jackson,Male,30/03/1985,justin_jackson@gmail.com,(+44)1819474956,3089 Malone Mountain Suite 379,United Kingdom,39065,Others
c00407,Katherine,Walker,Other,01/11/1964,katherine_walker@gmail.com,(+86)9405186982,31221 Norris Views Suite 914,China,79009,Facebook
c00408,Kristen,Miller,Female,12/08/1969,kristen_miller@gmail.com,(+1)9974124252,4914 Dennis Lights Apt. 559,United States,02144,Instagram
c00409,Melissa,Montoya,Female,20/08/1976,melissa_montoya@gmail.com,(+44)9206323517,58677 Casey Ranch Apt. 684,United Kingdom,50580,Referral
c00410,Pamela,Barnes,Other,06/07/1983,pamela_barnes@gmail.com,(+86)2893427067,8739 David Trafficway Apt. 682,China,75375,Referral
c00411,Teresa,Phillips,Other,20/09/1975,teresa_phillips@gmail.com,(+86)3994510839,7708 Angela Meadows Suite 069,China,75072,Referral
c00412,Alexa,Harris,Other,10/02/1973,alexa_harris@gmail.com,(+44)7584839493,768 Allen Bridge,United Kingdom,58656,Others
c00413,George,Walker,Male,15/11/1981,george_walker@gmail.com,(+33)6551190250,572 Smith Plains Apt. 772,France,39706,Instagram
c00414,Monica,Alvarez,Female,04/07/1975,monica_alvarez@gmail.com,(+1)3905762780,04795 Daniel Mill,United States,62837,Instagram
c00415,Darlene,Williams,Female,27/01/1984,darlene_williams@gmail.com,(+1)6719482553,78147 Robert Heights,United States,89452,Facebook
c00416,Evelyn,Taylor,Female,05/09/1964,evelyn_taylor@gmail.com,(+1)7777512832,925 Olivia Ford Apt. 661,United States,71068,Facebook
c00417,Brandon,Herrera,Male,21/03/1979,brandon_herrera@gmail.com,(+44)1153894633,866 Mays Shoals Apt. 020,United Kingdom,52491,Instagram
c00418,Catherine,Webster,Other,27/11/1988,catherine_webster@gmail.com,(+44)1180322441,39655 Robertson Shoal,United Kingdom,27858,Facebook
c00419,Lori,Brown,Female,28/09/1987,lori_brown@gmail.com,(+1)8894907423,79696 Montgomery Fords Suite 642,United States,33035,Instagram
c00420,Angela,Williams,Female,15/07/1967,angela_williams@gmail.com,(+1)9393212830,165 Holmes Valley,United States,83959,Instagram
c00421,Brent,Jones,Male,06/03/1975,brent_jones@gmail.com,(+44)3054093052,5192 Campbell Ridges,United Kingdom,84803,Others
c00422,Jason,Chapman,Male,21/05/1970,jason_chapman@gmail.com,(+1)3481542883,621 Farrell Plains,United States,03421,Facebook
c00423,James,Ortega,Male,24/10/1965,james_ortega@gmail.com,(+86)1102224485,143 Oliver Alley Apt. 295,China,78221,Instagram
c00424,Karen,Valencia,Female,23/07/1988,karen_valencia@gmail.com,(+32)1974174640,918 Garza Drive Apt. 639,Belgium,23770,Instagram
c00425,Lauren,Davis,Female,06/08/1982,lauren_davis@gmail.com,(+32)8091754022,6238 Robinson Dam,Belgium,81945,Referral
c00426,Nicole,Parker,Female,13/07/1985,nicole_parker@gmail.com,(+86)1868380108,883 Wright Village,China,75666,Facebook
c00427,Patricia,Walker,Female,27/06/1980,patricia_walker@gmail.com,(+1)5159134785,067 Bates Divide Suite 694,United States,39885,Referral
c00428,Vickie,Anderson,Female,05/01/1986,vickie_anderson@gmail.com,(+1)2528852245,3577 Green Underpass Apt. 104,United States,11630,Facebook
c00429,Joy,Kelly,Female,04/12/1966,joy_kelly@gmail.com,(+86)6137402261,7868 Stacy Junction Apt. 535,China,34175,Facebook
c00430,Julie,Hoover,Other,09/07/1978,julie_hoover@gmail.com,(+44)3611641380,949 Mckenzie Vista,United Kingdom,23398,Instagram
c00431,Janet,Russo,Other,15/02/1982,janet_russo@gmail.com,(+1)3663062707,563 Beck Grove,United States,20659,Instagram
c00432,Jean,Cannon,Female,23/05/1987,jean_cannon@gmail.com,(+1)1877809224,0509 Clark Dale Suite 593,United States,25000,Instagram
c00433,Kyle,Moreno,Male,09/02/1974,kyle_moreno@gmail.com,(+32)5073570422,906 Eugene Isle,Belgium,96633,Others
c00434,Jasmine,White,Other,13/02/1986,jasmine_white@gmail.com,(+33)7017082330,12842 Erin Square,France,84119,Others
c00435,Amanda,Parker,Other,12/06/1984,amanda_parker@gmail.com,(+1)7531493283,497 Carlos Spurs,United States,28905,Others
c00436,Sean,Garrett,Male,04/04/1974,sean_garrett@gmail.com,(+1)1195491829,034 James Cove Apt. 335,United States,48710,Others
c00437,Tiffany,Lambert,Other,20/04/1970,tiffany_lambert@gmail.com,(+44)7167083443,51138 Candace Summit,United Kingdom,39104,Facebook
c00438,Joshua,Ray,Male,28/05/1971,joshua_ray@gmail.com,(+32)7005460591,9723 Jones Land Suite 201,Belgium,85097,Referral
c00439,Hannah,Oconnor,Other,23/06/1981,hannah_oconnor@gmail.com,(+32)6099317483,74235 Mindy Club,Belgium,79759,Others
c00440,Patricia,Munoz,Other,09/08/1975,patricia_munoz@gmail.com,(+32)7832527079,12839 Leslie Summit Suite 801,Belgium,54569,Facebook
c00441,Julie,Gallagher,Other,11/12/1976,julie_gallagher@gmail.com,(+1)5862026392,9281 David Valley Suite 843,United States,06019,Facebook
c00442,Steven,Rose,Male,31/05/1973,steven_rose@gmail.com,(+1)3042787904,201 Cochran Stravenue Apt. 516,United States,38388,Facebook
c00443,Rachel,Church,Female,21/12/1963,rachel_church@gmail.com,(+44)4194709077,7491 Philip Prairie Suite 320,United Kingdom,16023,Others
c00444,Karen,Miller,Other,02/05/1971,karen_miller@gmail.com,(+44)5374467220,1937 Cook Port Suite 079,United Kingdom,18654,Others
c00445,Anthony,Hensley,Male,25/06/1969,anthony_hensley@gmail.com,(+1)8441105815,312 King Junction Suite 264,United States,94551,Others
c00446,Karen,Rivera,Other,14/04/1979,karen_rivera@gmail.com,(+32)6821452824,69293 Baker Center,Belgium,77048,Others
c00447,David,Terry,Male,27/02/1978,david_terry@gmail.com,(+33)5871424115,0824 Joshua Divide Apt. 811,France,10577,Instagram
c00448,Anthony,Joseph,Male,12/08/1985,anthony_joseph@gmail.com,(+1)2436446160,10897 Christopher River Apt. 002,United States,94981,Instagram
c00449,Kimberly,Avila,Other,13/04/1985,kimberly_avila@gmail.com,(+32)1868543100,5934 David Extensions Suite 932,Belgium,44450,Instagram
c00450,Christine,Moss,Other,23/11/1977,christine_moss@gmail.com,(+1)7803815901,59049 Nancy Ferry Apt. 122,United States,31258,Instagram
c00451,Abigail,Williams,Female,07/10/1964,abigail_williams@gmail.com,(+32)3369727515,0716 Moran Union Apt. 182,Belgium,97961,Others
c00452,Stephanie,Rivera,Female,07/04/1970,stephanie_rivera@gmail.com,(+33)5535238785,539 William Bypass Suite 340,France,33946,Facebook
c00453,Evelyn,Higgins,Female,14/03/1977,evelyn_higgins@gmail.com,(+33)7008264688,2876 Spence Mill Suite 118,France,81039,Instagram
c00454,Mary,Mason,Female,13/04/1966,mary_mason@gmail.com,(+33)3331428131,4337 Calvin Springs,France,95656,Others
c00455,Christian,Hawkins,Male,06/12/1977,christian_hawkins@gmail.com,(+32)7626075907,564 Thomas Neck Apt. 445,Belgium,88941,Others
c00456,Samantha,Castillo,Female,18/02/1967,samantha_castillo@gmail.com,(+32)5444879059,84765 Newman Summit,Belgium,80606,Instagram
c00457,Lisa,Reed,Other,06/03/1975,lisa_reed@gmail.com,(+1)6345840934,76930 Douglas Walk Apt. 729,United States,49460,Instagram
c00458,Brittany,Fowler,Other,28/12/1986,brittany_fowler@gmail.com,(+32)8743082946,564 Christensen Throughway,Belgium,77848,Facebook
c00459,Kayla,Wilson,Other,22/08/1969,kayla_wilson@gmail.com,(+32)3041248065,72261 Lewis Lakes Apt. 593,Belgium,10388,Others
c00460,Gerald,Osborn,Male,22/03/1975,gerald_osborn@gmail.com,(+44)2175056247,8415 Mccullough Shoals Suite 877,United Kingdom,72808,Others
c00461,Mariah,Hall,Female,11/02/1979,mariah_hall@gmail.com,(+32)8871098892,7232 Johnny Walk Suite 560,Belgium,61043,Instagram
c00462,Anita,Williams,Female,28/01/1968,anita_williams@gmail.com,(+32)5898151118,761 Leslie Vista Suite 166,Belgium,02879,Others
c00463,Raymond,Herman,Male,20/10/1977,raymond_herman@gmail.com,(+44)8823590374,946 Michaela Islands Apt. 282,United Kingdom,16497,Facebook
c00464,Shannon,Carter,Female,25/07/1968,shannon_carter@gmail.com,(+32)5180462898,0464 David Rapids Suite 764,Belgium,45008,Referral
c00465,Dustin,Fisher,Male,27/08/1967,dustin_fisher@gmail.com,(+44)7388914021,375 Brown Overpass Suite 481,United Kingdom,34501,Facebook
c00466,Michelle,Johnson,Other,13/05/1988,michelle_johnson@gmail.com,(+33)5954901449,865 Bennett Valley,France,25354,Others
c00467,Colleen,Wright,Other,18/06/1963,colleen_wright@gmail.com,(+33)9044352847,893 David Prairie,France,11538,Referral
c00468,Richard,Cummings,Male,30/06/1967,richard_cummings@gmail.com,(+32)2949712651,76983 Patrick Bypass,Belgium,66175,Others
c00469,Benjamin,Riley,Male,27/08/1985,benjamin_riley@gmail.com,(+1)3169386028,713 Sherman Trafficway,United States,21739,Referral
c00470,Ronald,Scott,Male,03/12/1980,ronald_scott@gmail.com,(+32)6920476696,721 Johnson Shores,Belgium,85814,Others
c00471,Joshua,Reed,Male,31/03/1977,joshua_reed@gmail.com,(+1)8286356777,924 Brad Harbor Suite 924,United States,25641,Instagram
c00472,Christina,Lopez,Other,03/04/1986,christina_lopez@gmail.com,(+44)1279223643,487 Judith Alley Suite 872,United Kingdom,49908,Others
c00473,Francisco,Martinez,Male,27/07/1978,francisco_martinez@gmail.com,(+86)5848010366,6339 Amber Manors,China,32375,Referral
c00474,Wendy,Larsen,Other,07/02/1971,wendy_larsen@gmail.com,(+33)7510309265,8339 Dan Court Apt. 320,France,78572,Referral
c00475,Lisa,Moon,Female,09/07/1963,lisa_moon@gmail.com,(+33)1587357795,03066 Katherine Harbor Apt. 884,France,05289,Others
c00476,Leonard,Davis,Male,27/10/1967,leonard_davis@gmail.com,(+1)3413602611,977 Turner Alley Apt. 363,United States,45738,Instagram
c00477,Amy,Caldwell,Female,15/07/1980,amy_caldwell@gmail.com,(+44)3319950045,618 Christensen Harbor,United Kingdom,30487,Referral
c00478,Julie,Watson,Other,04/10/1970,julie_watson@gmail.com,(+33)3477038193,833 Mary Valleys Suite 340,France,08491,Referral
c00479,Lauren,Smith,Other,14/09/1975,lauren_smith@gmail.com,(+86)3309749358,66552 Harrison Pass Apt. 429,China,74436,Instagram
c00480,Steven,Lara,Male,08/05/1980,steven_lara@gmail.com,(+1)8980234222,9987 Sandra Spur,United States,82954,Instagram
c00481,Gabrielle,Jackson,Female,20/11/1980,gabrielle_jackson@gmail.com,(+1)8003512132,4750 Adams Estates Suite 257,United States,10686,Facebook
c00482,Christina,Terry,Other,13/09/1963,christina_terry@gmail.com,(+86)5699388263,03743 Laurie Garden Apt. 210,China,34752,Facebook
c00483,Nancy,Williams,Other,31/07/1968,nancy_williams@gmail.com,(+1)2964712688,65214 Young Brook,United States,29421,Referral
c00484,James,Martin,Male,10/07/1986,james_martin@gmail.com,(+1)7145727352,52245 Heather Isle,United States,72280,Facebook
c00485,Robert,Suarez,Male,20/09/1967,robert_suarez@gmail.com,(+33)6973944461,032 Frazier Knolls Suite 675,France,73328,Referral
c00486,Matthew,Reed,Male,24/06/1980,matthew_reed@gmail.com,(+33)2188049768,7600 Ryan Path,France,17489,Others
c00487,Jacob,Bates,Male,03/06/1979,jacob_bates@gmail.com,(+44)7648753431,76089 Ronald Shores Suite 209,United Kingdom,37601,Instagram
c00488,Marie,Jackson,Other,23/09/1975,marie_jackson@gmail.com,(+33)6201343926,990 Michael Ramp Apt. 005,France,89685,Others
c00489,Curtis,Jenkins,Male,19/01/1972,curtis_jenkins@gmail.com,(+33)3164160798,775 Holland Garden Suite 460,France,76134,Referral
c00490,Tina,Baker,Female,21/03/1983,tina_baker@gmail.com,(+33)5106847882,781 Smith Parkway,France,84275,Referral
c00491,Mary,Scott,Other,10/02/1970,mary_scott@gmail.com,(+86)9340204017,11560 Robert Plains Suite 250,China,95083,Instagram
c00492,Ruth,Chapman,Female,23/04/1965,ruth_chapman@gmail.com,(+32)8508315331,758 Don Manors Suite 578,Belgium,48838,Facebook
c00493,Karen,Guerra,Female,01/06/1965,karen_guerra@gmail.com,(+32)1348688838,752 Boyd Land,Belgium,40160,Facebook
c00494,Michael,Cohen,Male,22/02/1982,michael_cohen@gmail.com,(+33)9252974292,251 Mendoza Rapids,France,41683,Facebook
c00495,Jacob,Miller,Male,03/05/1977,jacob_miller@gmail.com,(+1)6106873751,89239 Nicole Cove,United States,06682,Facebook
c00496,Pamela,Taylor,Female,15/08/1976,pamela_taylor@gmail.com,(+1)9720778602,9772 Laura Gardens Apt. 521,United States,38480,Instagram
c00497,Melissa,Smith,Other,16/01/1977,melissa_smith@gmail.com,(+33)6675114127,126 Brennan Orchard Apt. 475,France,10632,Instagram
c00498,William,Villegas,Male,20/03/1987,william_villegas@gmail.com,(+1)4941322277,26203 Kevin Light,United States,83813,Facebook
c00499,Brian,Ray,Male,20/11/1980,brian_ray@gmail.com,(+1)3021620451,55846 Perez Hills Apt. 978,United States,85544,Facebook
c00500,Lisa,Bird,Female,27/02/1987,lisa_bird@gmail.com,(+86)3207564473,39792 Sarah Via,China,33025,Referral
