seller_id,company_name,supplier_phone,supplier_email,seller_street,seller_country,seller_zip_code
s00001,Barrett-High Cooper and Shepard,(+44)8150178157,natalie@barrett-high.com,3511 Myers Rapid Suite 584,United Kingdom,07610
s00002,Mccoy-High Oconnell and Hernandez,(+32)4621726721,natasha@mccoy-high.com,118 Garcia Throughway Suite 213,Belgium,40938
s00003,Clark-Robertson,(+32)6705822636,christopher@clark-robertson.com,76927 Judy View,Belgium,85393
s00004,Walker-High Davis and Lyons,(+32)2759667225,stephanie@walker-high.com,8960 Steven Avenue,Belgium,14564
s00005,Garcia and Sons,(+44)2986706454,mark@garcia.com,479 Miller Cliffs,United Kingdom,67522
s00006,Howe-Bryant,(+32)3221056331,lori@howe-bryant.com,253 Scott Prairie Suite 685,Belgium,39989
s00007,Bowman Ltd,(+32)8774246566,andrew@bowman.com,61178 Morrow Hills,Belgium,12111
s00008,Fitzgerald-Phillips,(+44)8032934310,david@fitzgerald-phillips.com,2006 Cynthia Forge Suite 888,United Kingdom,15660
s00009,Dixon Ltd,(+44)3595249216,hannah@dixon.com,9806 Drake Row Apt. 229,United Kingdom,87277
s00010,Price Group,(+86)5055771198,jonathan@price.com,5763 Pamela Port Suite 865,China,84148
s00011,Charles-Murphy,(+86)4224605030,angela@charles-murphy.com,89382 Farmer Pike,China,95423
s00012,Baker-Wagner,(+86)9863098171,thomas@baker-wagner.com,33831 Andrew Union Apt. 579,China,52979
s00013,Carrillo-High Brown and Stewart,(+86)8237119329,cynthia@carrillo-high.com,888 Gordon Island Apt. 699,China,39169
s00014,Murray-High Chan and Steele,(+32)5606276926,darryl@murray-high.com,506 Keith Place Suite 435,Belgium,23484
s00015,Moore-Abbott,(+44)3138938245,mark@moore-abbott.com,8378 Autumn Row,United Kingdom,81251
s00016,Carroll-High Robinson and Barker,(+86)9190474885,nicholas@carroll-high.com,6960 Kathryn Court Apt. 345,China,64677
s00017,Smith-High Glass and Avery,(+86)2760423880,kathleen@smith-high.com,902 Campbell Crossroad,China,54578
s00018,Adams LLC,(+86)9775948109,erica@adams.com,42814 Kurt Cove Apt. 964,China,13119
s00019,Harmon Group,(+86)3909114091,antonio@harmon.com,23668 Shane Ville Apt. 739,China,38935
s00020,Ballard-High Shepherd and Williams,(+86)2671023373,maria@ballard-high.com,2340 Downs Wells,China,20701
s00021,Lawson-Reyes,(+1)7231687696,debra@lawson-reyes.com,640 Jeffery View,United States,88927
s00022,Wells-High Haynes and Conrad,(+86)4074413355,theresa@wells-high.com,7515 Campos Locks,China,41567
s00023,Salazar-High Fitzgerald and Fuller,(+33)4789738010,antonio@salazar-high.com,514 Anthony Road,France,55121
s00024,Parks Inc,(+86)6111452284,adam@parks.com,988 Mitchell Road,China,16257
s00025,Aguirre and Sons,(+44)1434730214,amanda@aguirre.com,551 Christian Islands,United Kingdom,93738
s00026,Leon and Sons,(+86)5175468330,angela@leon.com,471 Brown Parkway,China,05331
s00027,Howard-Brown,(+44)7593798225,daniel@howard-brown.com,315 Howard Glen,United Kingdom,58699
s00028,Lewis-High Smith and Reyes,(+1)7402898984,joshua@lewis-high.com,62515 Sanchez Mission Suite 908,United States,55195
s00029,Woods-Johnson,(+33)5218787325,denise@woods-johnson.com,68692 Hunter Prairie Apt. 935,France,96379
s00030,Valenzuela-High Martin and Fisher,(+1)6252178163,andrew@valenzuela-high.com,66867 Johnson Field Suite 795,United States,43130
s00031,Gonzalez-Davis,(+1)2530545501,xavier@gonzalez-davis.com,29114 James Orchard Apt. 639,United States,91316
s00032,Shaffer-Best,(+1)3222253461,kathleen@shaffer-best.com,26538 Ward Curve Apt. 389,United States,51735
s00033,Goodwin-High Berger and Clark,(+1)8034440254,robyn@goodwin-high.com,709 Claudia Mountain,United States,70517
s00034,Munoz Group,(+32)5959786543,edward@munoz.com,734 Deborah Knoll Apt. 922,Belgium,16636
s00035,Holloway and Sons,(+33)2001558013,charles@holloway.com,1938 Watson Loop Suite 110,France,56966
s00036,Shaffer-Becker,(+32)9582944953,jason@shaffer-becker.com,0501 Ana Flats,Belgium,80965
s00037,Zuniga-High White and Stevenson,(+32)1550740746,roger@zuniga-high.com,8324 Charles Mews,Belgium,78720
s00038,Jones-Lewis,(+86)6484431664,deanna@jones-lewis.com,01379 David Highway,China,94579
s00039,Mack LLC,(+44)5032206734,kevin@mack.com,23026 Parker Mills Apt. 064,United Kingdom,98387
s00040,Fernandez-Watson,(+1)4063522112,david@fernandez-watson.com,7003 Williams View Apt. 399,United States,34556
s00041,Hughes Group,(+44)7858827880,taylor@hughes.com,7861 Osborn Mountains,United Kingdom,88030
s00042,Bird PLC,(+44)1511201929,james@bird.com,6558 Cole Mountain Apt. 158,United Kingdom,97780
s00043,Ortega-Patel,(+32)1094095702,annette@ortega-patel.com,9159 John Village Suite 060,Belgium,32345
s00044,Jordan-High Bowman and Cantrell,(+1)5606430600,joel@jordan-high.com,9350 Derek Pike Suite 414,United States,97135
s00045,Bailey-High Cook and Davis,(+86)9466663311,sheena@bailey-high.com,2054 Davis Island,China,81935
s00046,Murillo-Cooke,(+33)4734431739,joseph@murillo-cooke.com,73633 Roman Flat,France,30400
s00047,Lee-Dyer,(+1)9919873713,emily@lee-dyer.com,5665 Christopher Oval Suite 068,United States,87593
s00048,Blanchard-Thompson,(+44)4863995547,jennifer@blanchard-thompson.com,2866 Ward Cliff,United Kingdom,61181
s00049,Terry LLC,(+86)6480146615,christina@terry.com,13488 William Crescent,China,04155
s00050,Lewis-High White and Herrera,(+32)9448536404,william@lewis-high.com,99958 Martinez Well Suite 169,Belgium,76496
s00051,Phillips Group,(+32)5212775346,sandra@phillips.com,576 Heath Mews Apt. 802,Belgium,92351
s00052,Smith-Fisher,(+33)3415455325,wayne@smith-fisher.com,075 Sarah Keys,France,87429
s00053,Smith-High Williams and Rodriguez,(+44)2503874622,kathryn@smith-high.com,5898 Joshua Unions Suite 044,United Kingdom,87908
s00054,Hicks Ltd,(+86)3819498285,tina@hicks.com,91064 Mendez Gardens Apt. 992,China,40132
s00055,Solomon-Garcia,(+33)9095296730,heather@solomon-garcia.com,35680 Atkins Ports Apt. 279,France,12602
s00056,Jones-King,(+1)1510936223,jonathan@jones-king.com,73161 Paul Parkway,United States,55231
s00057,Carpenter-High Bailey and Griffin,(+86)9096277591,willie@carpenter-high.com,2610 Alexander Lodge Apt. 716,China,94431
s00058,Barnes-Gordon,(+32)8383820736,david@barnes-gordon.com,4719 Reed Plaza,Belgium,40182
s00059,Carroll-High Long and Elliott,(+1)9106537743,debra@carroll-high.com,37924 Sparks Lakes Suite 561,United States,61157
s00060,Beltran-Ballard,(+44)3882457694,victoria@beltran-ballard.com,00018 Dalton Canyon,United Kingdom,90651
s00061,Cruz Ltd,(+1)8578864917,james@cruz.com,901 Nathan Creek,United States,44457
s00062,Shelton-Anderson,(+86)3609947673,wendy@shelton-anderson.com,56587 Wells Mews Suite 534,China,98320
s00063,Kelly Ltd,(+44)6250145013,thomas@kelly.com,793 Karen Ridge Suite 116,United Kingdom,34459
s00064,Nelson-High Gates and Duncan,(+1)1853091186,tara@nelson-high.com,5743 Mcgee Roads Apt. 960,United States,93242
s00065,Williams-High Collins and Hensley,(+86)7135099550,michael@williams-high.com,68766 Meyer Course Suite 078,China,76468
s00066,Burton and Sons,(+44)1731541249,chad@burton.com,046 Catherine Islands Suite 130,United Kingdom,14291
s00067,Carlson and Sons,(+32)6175135714,adam@carlson.com,63240 Cynthia Center,Belgium,91410
s00068,Cruz-Boyer,(+44)9971668547,carol@cruz-boyer.com,1587 Woods Expressway,United Kingdom,54740
s00069,Wright-High Smith and Thomas,(+86)4696790099,jodi@wright-high.com,1835 Joseph Circles,China,87640
s00070,Molina-High Ford and Peters,(+86)7987633425,katelyn@molina-high.com,662 Kenneth Summit Suite 053,China,69709
s00071,West-Stevens,(+44)1852662915,debra@west-stevens.com,859 Joanna Parkways,United Kingdom,10116
s00072,Hamilton-High Turner and Price,(+32)7751401239,kara@hamilton-high.com,361 Mark Oval Suite 336,Belgium,28555
s00073,Wise PLC,(+33)2833709373,john@wise.com,47473 Hudson Cliffs,France,88809
s00074,Smith-High Pierce and Brown,(+32)6304176733,kelsey@smith-high.com,6312 Ferguson Island,Belgium,49590
s00075,Blackwell PLC,(+86)3789578642,erica@blackwell.com,55886 White Summit Suite 848,China,21555
s00076,Nguyen-Murphy,(+33)7927249141,michelle@nguyen-murphy.com,57731 Craig Burgs Apt. 155,France,59441
s00077,Harrison-High Larson and West,(+86)1866237533,susan@harrison-high.com,1772 Lisa Pine Suite 284,China,18788
s00078,Taylor-High Williams and Mcdaniel,(+44)9940853851,jasmine@taylor-high.com,48908 Serrano Isle,United Kingdom,46624
s00079,Walsh-High Mosley and Ortiz,(+33)6705777176,courtney@walsh-high.com,460 Tim Turnpike Apt. 655,France,98386
s00080,Oneal PLC,(+86)6391510611,bryan@oneal.com,98044 Rodriguez Roads,China,87634
s00081,Ford-High Gordon and Obrien,(+33)4572503633,john@ford-high.com,70487 Richards Neck Apt. 897,France,98812
s00082,Rodriguez PLC,(+32)9355752791,laura@rodriguez.com,40166 Chavez Crossroad,Belgium,06117
s00083,Fitzpatrick-Graham,(+33)1575505600,lisa@fitzpatrick-graham.com,137 Holly Trail,France,48066
s00084,Lindsey-Ray,(+86)3051636779,kathleen@lindsey-ray.com,86083 Hogan Ramp,China,26828
s00085,Gonzales-Martin,(+44)1908458482,kayla@gonzales-martin.com,95058 Santana Turnpike,United Kingdom,56687
s00086,Taylor PLC,(+32)9388521470,veronica@taylor.com,1534 Stephanie Mission,Belgium,93196
s00087,Nichols-Snyder,(+1)4550217808,megan@nichols-snyder.com,83246 Sexton Glens,United States,81581
s00088,Garcia Group,(+32)5176453071,nichole@garcia.com,19187 Parker Circle,Belgium,14227
s00089,Lopez LLC,(+32)3812617066,jon@lopez.com,901 Gomez Avenue,Belgium,22884
s00090,Garrett-High Kennedy and Rios,(+1)1795798681,jennifer@garrett-high.com,4922 Cole Turnpike,United States,86037
s00091,Patterson-Haynes,(+33)5389441086,timothy@patterson-haynes.com,349 Moses Greens,France,63331
s00092,Fields-Ochoa,(+1)1669303022,katherine@fields-ochoa.com,240 Glover Falls,United States,61278
s00093,Davis Group,(+33)8067405711,lance@davis.com,85106 Derrick Stream Suite 774,France,24970
s00094,Martin-High Benson and May,(+1)2678053922,corey@martin-high.com,4031 Shea Corners,United States,88293
s00095,Miller-High Thomas and Maddox,(+32)7520619375,melissa@miller-high.com,723 Mark Path Suite 282,Belgium,35205
s00096,Hunt LLC,(+86)9293621095,margaret@hunt.com,9501 Jennifer Club,China,52305
s00097,Mccoy-Conner,(+1)3250674514,jaclyn@mccoy-conner.com,223 Eric Station Apt. 864,United States,46290
s00098,Petty Ltd,(+33)2994883166,antonio@petty.com,23982 Zhang Skyway,France,35701
s00099,Lopez-Harris,(+33)3292104760,joseph@lopez-harris.com,68578 James Ferry Apt. 892,France,63483
s00100,Berger Group,(+33)4103534124,matthew@berger.com,0216 Roberts Mission,France,54822
s00101,Bailey and Sons,(+32)3235179305,renee@bailey.com,80241 Marc Via Apt. 615,Belgium,31206
s00102,Green-Jones,(+33)7434746044,angela@green-jones.com,2714 Beck Summit,France,83227
s00103,Odonnell-High Rodriguez and Brown,(+44)9629396245,jeffrey@odonnell-high.com,385 Lori Isle Apt. 120,United Kingdom,35674
s00104,Underwood-High Stanley and Johnson,(+86)9828697638,brooke@underwood-high.com,92901 Mills Court,China,48767
s00105,Byrd-Salinas,(+1)7664482582,rick@byrd-salinas.com,5647 Anderson Prairie,United States,28118
s00106,Smith-Sandoval,(+1)1492019328,sandra@smith-sandoval.com,9066 Miranda Village,United States,28260
s00107,Pena-High Newman and Hess,(+32)4853693538,emily@pena-high.com,386 Carr Inlet,Belgium,08379
s00108,Petty-High Garcia and Davis,(+86)2448945207,megan@petty-high.com,811 Nguyen View Apt. 223,China,97738
s00109,Perry-High Wells and Gilbert,(+33)1742470139,rodney@perry-high.com,610 Johnson Avenue,France,95529
s00110,Terry-High Collier and Dominguez,(+1)5309476949,edward@terry-high.com,2716 Mendez Falls,United States,63928
s00111,Browning-High Wilson and King,(+1)1282091443,debra@browning-high.com,49243 Bush Garden,United States,82222
s00112,Green LLC,(+44)4716112086,carrie@green.com,472 Matthew Square Suite 670,United Kingdom,67178
s00113,Weiss-High Matthews and Mitchell,(+1)1028883554,edwin@weiss-high.com,709 Misty Vista Suite 762,United States,92656
s00114,Wilson PLC,(+86)9388237620,donald@wilson.com,722 Palmer Road,China,36208
s00115,Bradford Inc,(+86)2317158429,cheyenne@bradford.com,712 Garrett Lock Suite 923,China,26082
s00116,Stewart-High Santos and Cisneros,(+44)8024501551,barry@stewart-high.com,32954 Williams Fords Suite 614,United Kingdom,77539
s00117,Sloan Inc,(+1)2561165924,amanda@sloan.com,9614 Daniel Burgs,United States,27350
s00118,Romero-High Hooper and Daniels,(+86)7139925307,jaime@romero-high.com,2275 Davis Pine Apt. 440,China,12567
s00119,Ward-Martin,(+32)2289888424,michelle@ward-martin.com,05003 Ruben Stravenue Suite 352,Belgium,80087
s00120,Manning LLC,(+32)1686756135,rebecca@manning.com,678 Sara Camp,Belgium,83650
s00121,Shaffer-High Ramirez and Edwards,(+33)7465092197,jeffrey@shaffer-high.com,140 Peterson Summit Suite 341,France,66595
s00122,Jackson-High Morris and Ortega,(+33)3214755132,catherine@jackson-high.com,8681 Bowman Prairie,France,84439
s00123,Cruz Ltd,(+1)3678518178,jeffrey@cruz.com,4346 Dylan Centers,United States,92084
s00124,Allen-Flores,(+44)1373714695,andrea@allen-flores.com,23436 Ochoa Route,United Kingdom,47871
s00125,Thompson LLC,(+33)2797673866,william@thompson.com,4181 William Curve Apt. 672,France,97749
s00126,Mitchell LLC,(+44)1590308717,kelly@mitchell.com,809 Shane Turnpike,United Kingdom,28248
s00127,Harris LLC,(+44)1430547437,theresa@harris.com,3636 Johnston Summit Suite 731,United Kingdom,52539
s00128,Leon LLC,(+33)5586022069,aaron@leon.com,884 Reed Corners Suite 130,France,30393
s00129,Johnston-High Brown and Benson,(+32)4208681637,matthew@johnston-high.com,037 Dustin Garden,Belgium,48334
s00130,Arellano Inc,(+33)1117350386,michael@arellano.com,8992 Teresa Passage,France,16139
s00131,Riddle-Johnson,(+33)4827002737,marcus@riddle-johnson.com,72291 David Isle,France,79520
s00132,Mueller-Wright,(+86)2288850994,matthew@mueller-wright.com,860 Brennan Summit Apt. 917,China,76408
s00133,Sherman Ltd,(+44)3890572871,stephanie@sherman.com,90273 Lucas Knoll,United Kingdom,34811
s00134,Nguyen-High Chandler and Horton,(+33)9995229191,jacob@nguyen-high.com,79587 Webb Station,France,47910
s00135,Reyes-High Chavez and Hawkins,(+44)1801480359,james@reyes-high.com,3896 Christopher Club,United Kingdom,89280
s00136,Anderson Group,(+86)3879192118,donna@anderson.com,1583 Richardson Rest,China,93293
s00137,Smith-High Miller and Allen,(+1)7789710438,paige@smith-high.com,99440 Thompson Lane,United States,49446
s00138,Underwood and Sons,(+86)1492184888,kristen@underwood.com,1741 Harmon Extensions Apt. 039,China,80670
s00139,Scott-High Simon and Ward,(+33)9178115280,jessica@scott-high.com,796 Steele Radial,France,81005
s00140,Robertson-Austin,(+44)8100659410,david@robertson-austin.com,0799 Teresa Shoal Suite 714,United Kingdom,50824
s00141,Rosales-Myers,(+32)1532987974,erica@rosales-myers.com,753 Fuentes Branch,Belgium,54756
s00142,Griffin-High Lutz and Mays,(+1)2992856901,cynthia@griffin-high.com,46797 Frank Park,United States,35465
s00143,Meyer-Rogers,(+33)8751781444,john@meyer-rogers.com,40370 Dickson Summit,France,63087
s00144,Martinez Ltd,(+32)7005999123,janet@martinez.com,96616 Weiss Burg Apt. 373,Belgium,61583
s00145,Morgan-High Harris and Morris,(+32)5972419504,colin@morgan-high.com,7661 Reilly Overpass Suite 550,Belgium,48464
s00146,Collins Ltd,(+44)1376223208,gabriella@collins.com,00252 Jeanette River Apt. 671,United Kingdom,82185
s00147,Avila-High Alvarez and Thornton,(+44)6719128993,chelsea@avila-high.com,4673 Young Roads,United Kingdom,11687
s00148,Lawson-Mooney,(+32)4586513023,joseph@lawson-mooney.com,821 Sheila Divide Suite 548,Belgium,43750
s00149,Reese-High Jackson and Foster,(+44)6941318440,catherine@reese-high.com,58581 Huang Manor Suite 512,United Kingdom,91235
s00150,Parker-High Thomas and Reyes,(+1)6536422281,patrick@parker-high.com,33065 Cortez Cape Suite 704,United States,89759
s00151,Kirk-Coleman,(+86)6221519422,michelle@kirk-coleman.com,646 Mallory Trail Suite 973,China,06193
s00152,Myers-Cooper,(+1)6198511779,elizabeth@myers-cooper.com,99457 Samantha Drive Suite 002,United States,83853
s00153,Mccoy-Hill,(+1)8374698422,kayla@mccoy-hill.com,32353 Hall Club Suite 713,United States,54461
s00154,Ward-Ward,(+33)6299740674,donald@ward-ward.com,8902 Erin Fields,France,89890
s00155,Thomas-High Reynolds and Richard,(+32)9246132917,jeremiah@thomas-high.com,063 Cathy Flats Apt. 024,Belgium,20970
s00156,Owen-High Matthews and Johnson,(+33)3340630883,melissa@owen-high.com,24883 Stephen Forge Suite 781,France,86957
s00157,Clark-Cruz,(+44)2555734601,nicholas@clark-cruz.com,6347 Smith Lights,United Kingdom,64868
s00158,Riddle Group,(+1)4926567575,crystal@riddle.com,0194 Rodney Extensions Suite 412,United States,13078
s00159,Smith-Stark,(+44)8441388875,stephanie@smith-stark.com,64778 Brown Coves Apt. 019,United Kingdom,01076
s00160,Fowler Group,(+44)8312344587,maria@fowler.com,5625 Dennis Brook,United Kingdom,64932
s00161,Lyons LLC,(+32)2671107055,daniel@lyons.com,996 Megan Tunnel Apt. 174,Belgium,62069
s00162,Brady PLC,(+1)4616481707,william@brady.com,137 Bailey Forest Apt. 472,United States,61692
s00163,Larson-Moran,(+32)4905848416,brian@larson-moran.com,98590 Tyler Manors Apt. 288,Belgium,97735
s00164,Smith-High Howe and Austin,(+86)1326413063,maria@smith-high.com,5925 James Meadow,China,69552
s00165,Ware-High Torres and Snow,(+32)6496027196,alice@ware-high.com,931 Walters Forks Apt. 812,Belgium,54627
s00166,Hodge Ltd,(+32)6199732518,rhonda@hodge.com,65673 Joseph Squares Apt. 412,Belgium,74531
s00167,Thomas-High Cooke and Mcdonald,(+86)9432883374,brian@thomas-high.com,7022 Anderson Key Apt. 200,China,87187
s00168,Andrews-Le,(+86)7283318781,alexander@andrews-le.com,648 Casey View Apt. 554,China,96816
s00169,Sawyer LLC,(+32)4491445021,emily@sawyer.com,70096 Karen Harbor Suite 292,Belgium,14579
s00170,Reid-Hunt,(+32)4817228841,kyle@reid-hunt.com,6063 Kenneth Rest,Belgium,55371
s00171,Horne-High Ellis and Davis,(+1)5611565794,david@horne-high.com,071 Joseph Corners,United States,79816
s00172,Fowler-High Thomas and Armstrong,(+44)8128600684,randy@fowler-high.com,22649 Jones Meadow,United Kingdom,22210
s00173,Stevenson-Moore,(+33)7534617163,sharon@stevenson-moore.com,391 Christopher Groves Suite 525,France,45396
s00174,Watson and Sons,(+86)3789967193,erika@watson.com,92477 Olivia Junctions,China,46076
s00175,Pena-High Jones and Henry,(+33)7588853290,andrea@pena-high.com,5844 Fletcher Streets,France,16110
s00176,Baldwin-Knapp,(+86)3194999023,terri@baldwin-knapp.com,954 Gordon Mountains,China,42369
s00177,Buchanan-Maynard,(+1)2097027453,lisa@buchanan-maynard.com,9610 Ball Ports,United States,79242
s00178,Liu-Ellis,(+1)6819569359,richard@liu-ellis.com,2255 Kaiser Stravenue,United States,39927
s00179,Webb Ltd,(+1)4977355889,barbara@webb.com,443 Phillips Fords,United States,24320
s00180,Daniels-High Torres and Thompson,(+1)7012024763,charles@daniels-high.com,5974 Ortiz Mission Apt. 474,United States,08137
s00181,Raymond-High Henderson and Martin,(+1)5331863430,brian@raymond-high.com,1884 Robert Drive Apt. 854,United States,84214
s00182,Lopez LLC,(+86)8635627288,william@lopez.com,2124 Garcia Way,China,02854
s00183,Hardy Group,(+1)4843442354,rachel@hardy.com,1022 Schultz Groves Apt. 000,United States,24866
s00184,Mendoza-Smith,(+33)3699204408,christopher@mendoza-smith.com,4098 Schwartz Plain,France,75008
s00185,English Ltd,(+44)4379218178,elizabeth@english.com,6661 Baker Ways,United Kingdom,99370
s00186,Krause-High Dunn and Hutchinson,(+32)8343784035,shawn@krause-high.com,391 Jimenez Street,Belgium,34778
s00187,Diaz-Lane,(+44)5137530945,cynthia@diaz-lane.com,093 Taylor Rapids,United Kingdom,23736
s00188,Mack Group,(+33)8253401091,herbert@mack.com,5062 Walker Terrace,France,07106
s00189,Williams-Krueger,(+32)1302168088,amanda@williams-krueger.com,7565 Brittney Crossing,Belgium,79164
s00190,Powell-Moyer,(+86)7349505847,steven@powell-moyer.com,87562 Charles Highway Apt. 369,China,96697
s00191,Burke-Garza,(+44)1061201772,benjamin@burke-garza.com,45982 Claire Brook,United Kingdom,38554
s00192,Smith-High Kaufman and Valdez,(+86)2911254649,tracy@smith-high.com,79241 Kirby Union Apt. 104,China,91639
s00193,Sherman PLC,(+86)5562552174,james@sherman.com,68785 Morris Harbor Apt. 076,China,21572
s00194,Leon-Molina,(+1)4570747777,alyssa@leon-molina.com,29352 Jason Plains Apt. 001,United States,74388
s00195,Boyd PLC,(+32)8521587987,mark@boyd.com,2772 Jared Pike Apt. 736,Belgium,23249
s00196,Figueroa PLC,(+86)4139928213,christopher@figueroa.com,21084 Jodi Fort,China,53774
s00197,Herrera-High Thompson and Salazar,(+33)1013986281,gina@herrera-high.com,2915 Paul Brooks,France,97686
s00198,Carpenter-Hernandez,(+33)8891607904,sean@carpenter-hernandez.com,724 Robbins Terrace Apt. 455,France,27467
s00199,Morrow-Maxwell,(+44)8104688318,donald@morrow-maxwell.com,7337 Karla Locks,United Kingdom,93702
s00200,Smith and Sons,(+32)4496753995,thomas@smith.com,09732 Jones Keys Suite 867,Belgium,63966
s00201,Mills-High Smith and Douglas,(+86)3592847218,hannah@mills-high.com,29577 Peterson Parkways,China,66044
s00202,Perez-Gordon,(+86)1813951308,jamie@perez-gordon.com,4803 Lee Flats,China,11135
s00203,Jackson-High Bell and King,(+33)9575690985,richard@jackson-high.com,14060 Corey Mount,France,51802
s00204,Allen-High Wilson and Norris,(+44)3328911444,jane@allen-high.com,2016 Nicole Place,United Kingdom,77793
s00205,Thompson-Fitzgerald,(+32)1857325833,hannah@thompson-fitzgerald.com,8837 Dixon Stream Apt. 215,Belgium,28260
s00206,Flynn-Brewer,(+1)3392212152,stefanie@flynn-brewer.com,9755 Mason Bridge Apt. 619,United States,92854
s00207,Roberts-High Ayers and Smith,(+1)4011939871,lauren@roberts-high.com,31599 Collins Inlet,United States,89903
s00208,Allison PLC,(+33)9891992982,michelle@allison.com,5982 Carter Hills Apt. 678,France,02834
s00209,Hunter-High Flores and Fisher,(+44)5545487680,william@hunter-high.com,181 Kimberly Manors,United Kingdom,32209
s00210,Diaz-High Vaughn and Davis,(+86)5254269534,cynthia@diaz-high.com,137 Vazquez Crescent,China,16588
s00211,Diaz Ltd,(+1)1470142595,gina@diaz.com,274 John Gateway Suite 962,United States,42352
s00212,Glover-Mccormick,(+44)4029208223,victor@glover-mccormick.com,8425 Kevin Points,United Kingdom,54563
s00213,Cunningham PLC,(+1)5414120443,brian@cunningham.com,2885 Lewis Crossroad Suite 563,United States,90233
s00214,Thomas Ltd,(+86)5835443383,wendy@thomas.com,4606 Logan Loaf Suite 502,China,52669
s00215,Mercado-High Lam and Moody,(+44)3107017529,amber@mercado-high.com,7561 Amy Turnpike Apt. 230,United Kingdom,00547
s00216,Moore-Guerra,(+86)4333809809,daniel@moore-guerra.com,402 Barton Flat,China,34174
s00217,Kramer LLC,(+1)5852755977,carla@kramer.com,813 Don Springs Apt. 049,United States,07001
s00218,Jennings-High Pena and Davis,(+44)6865422007,derek@jennings-high.com,33623 Shannon Dam,United Kingdom,99405
s00219,Taylor Ltd,(+32)1002650532,barbara@taylor.com,8561 Martinez Courts Apt. 808,Belgium,66259
s00220,Osborne-Lee,(+86)7551916080,claire@osborne-lee.com,3858 Jennifer Villages,China,60356
s00221,Sanchez-High Anderson and Graham,(+33)7878316416,richard@sanchez-high.com,3170 Houston Glen,France,87793
s00222,Ball PLC,(+86)7570011416,eric@ball.com,221 Melissa Turnpike,China,42103
s00223,Holland-High Bowers and Perry,(+86)8192264307,colleen@holland-high.com,903 Hernandez Ridges Suite 285,China,92165
s00224,Atkins-High Pennington and Williams,(+44)5622260469,matthew@atkins-high.com,074 Stacey Trail Suite 399,United Kingdom,40502
s00225,Tran-High Mathews and Pittman,(+86)3426404676,michelle@tran-high.com,822 Pollard Drive Suite 501,China,48896
s00226,Austin-Campbell,(+44)7223607962,kelly@austin-campbell.com,5566 Adams Squares Suite 364,United Kingdom,39273
s00227,Daniels-High Perez and Miller,(+44)4784099950,robert@daniels-high.com,73620 Patrick Alley,United Kingdom,31426
s00228,Smith-Harding,(+33)7043456323,colleen@smith-harding.com,419 Smith Squares Suite 708,France,48508
s00229,Underwood Inc,(+86)1947835793,michael@underwood.com,3448 Douglas Rapids,China,84050
s00230,Lambert-Banks,(+33)2253147870,blake@lambert-banks.com,43293 Evans Street Suite 982,France,89921
s00231,Taylor-High Williamson and Johnston,(+44)1564449031,richard@taylor-high.com,342 Billy Forks Suite 022,United Kingdom,46532
s00232,Lewis-Peters,(+1)7464102828,scott@lewis-peters.com,1091 Williams Valleys,United States,70785
s00233,Price-High Sanders and Mills,(+32)8305371987,michelle@price-high.com,2087 Jones Tunnel,Belgium,17040
s00234,Wood-Andrews,(+86)4631395985,kevin@wood-andrews.com,5779 Calderon Crossroad Apt. 626,China,33448
s00235,Butler LLC,(+33)7647197732,nicholas@butler.com,5846 Holmes Orchard,France,75222
s00236,Young-High Warner and Walter,(+32)3360045474,stephanie@young-high.com,9797 Wiley Turnpike,Belgium,75353
s00237,Houston-Gonzales,(+1)7948739625,leroy@houston-gonzales.com,4181 Darrell Spur Suite 871,United States,46327
s00238,Espinoza-High Dunlap and Lopez,(+1)7479879298,ronnie@espinoza-high.com,93130 Kimberly Summit Suite 330,United States,35922
s00239,Roach-Johnson,(+86)7806157957,mark@roach-johnson.com,031 Victoria Street,China,94993
s00240,Munoz Ltd,(+86)1548477891,kristin@munoz.com,725 Tyler Shore,China,97670
s00241,Lynn-High Ramos and Howard,(+86)4476781083,candice@lynn-high.com,74655 Cherry Springs,China,82938
s00242,Olson-Hayes,(+33)4913936406,christine@olson-hayes.com,958 Keith Underpass,France,68319
s00243,Callahan LLC,(+32)3609126685,brandon@callahan.com,8933 Michael Ford,Belgium,05706
s00244,Vargas-Tate,(+32)2873063902,alexander@vargas-tate.com,53616 Wolfe Shores,Belgium,10491
s00245,Sullivan-High Perez and Perez,(+44)6574648372,anthony@sullivan-high.com,9537 Roberts Way Apt. 940,United Kingdom,47734
s00246,Cox PLC,(+44)6071369140,jesse@cox.com,96673 Miller Burgs,United Kingdom,49602
s00247,Coleman and Sons,(+33)5371119166,dawn@coleman.com,171 Raymond Inlet Apt. 906,France,96574
s00248,Ortiz-Manning,(+33)2686325319,john@ortiz-manning.com,838 Amy Valley,France,95925
s00249,Robertson LLC,(+33)4474747866,thomas@robertson.com,27493 Maldonado Oval,France,81772
s00250,Lewis-High Acevedo and Crawford,(+32)3124253491,jonathan@lewis-high.com,46084 Mike Crossroad Apt. 067,Belgium,79422
s00251,Jones-High Oliver and Bailey,(+44)8404321897,karen@jones-high.com,05467 Greene Way,United Kingdom,13507
s00252,Walsh-Hamilton,(+44)7814771087,jennifer@walsh-hamilton.com,23045 Coffey Port Suite 528,United Kingdom,92113
s00253,Lee-High Dillon and Young,(+32)9173963521,wayne@lee-high.com,332 Navarro Mission,Belgium,24994
s00254,Cook-High Wilcox and Mclaughlin,(+33)1110755598,joshua@cook-high.com,1835 Miller Oval,France,02013
s00255,Hoover-Hill,(+33)2872241648,shannon@hoover-hill.com,554 David Mission Suite 551,France,17316
s00256,Espinoza Group,(+33)3246989727,aaron@espinoza.com,14297 Jeremy Trafficway Suite 219,France,98308
s00257,Lucas-High Edwards and Miranda,(+86)2888942876,eric@lucas-high.com,14515 John Wells Apt. 731,China,98502
s00258,Brown-High Ellison and May,(+33)8200973428,shannon@brown-high.com,2378 Sullivan Plain,France,66107
s00259,Green and Sons,(+32)4897742105,amanda@green.com,6760 Jason Fall Suite 557,Belgium,68639
s00260,Reyes-High Kelly and Hebert,(+44)2612721535,matthew@reyes-high.com,96364 Angela Passage,United Kingdom,64610
s00261,Spears and Sons,(+1)2699441747,ryan@spears.com,417 Schneider Fort Suite 293,United States,67784
s00262,Graham-High Anderson and Huang,(+33)3209132128,abigail@graham-high.com,901 Matthew Islands,France,41188
s00263,Webb Ltd,(+32)8293255831,anne@webb.com,3418 Tina Corner,Belgium,56448
s00264,Lester-Hester,(+86)4794781756,linda@lester-hester.com,799 Jones Cape Suite 545,China,44946
s00265,Ortiz Ltd,(+44)5403451276,steven@ortiz.com,137 Evans Extensions Suite 616,United Kingdom,09425
s00266,Wyatt-Jackson,(+44)1990539496,erica@wyatt-jackson.com,22816 Janice Walks,United Kingdom,57198
s00267,Thompson-Williams,(+33)1680209232,gabrielle@thompson-williams.com,434 Aguilar Rapid,France,00847
s00268,Peck-High Price and Hall,(+1)8646184502,stephanie@peck-high.com,792 Natalie Glen,United States,25743
s00269,Caldwell and Sons,(+33)3174975746,whitney@caldwell.com,032 Owens Track Apt. 406,France,17002
s00270,Cantrell LLC,(+86)3066445863,theresa@cantrell.com,3117 Chung Village Suite 862,China,84151
s00271,King-Bishop,(+33)9091453254,alisha@king-bishop.com,9757 Gonzalez Junction Suite 471,France,82452
s00272,Thompson and Sons,(+86)1853135204,yesenia@thompson.com,975 Rogers Field Apt. 720,China,70440
s00273,Lee-High Odom and White,(+44)6623566408,jacob@lee-high.com,354 Grace Shoal Suite 430,United Kingdom,38674
s00274,Brown-High Lowery and Davis,(+1)7391347498,sandra@brown-high.com,9959 Perez Unions Suite 233,United States,99032
s00275,Hernandez-Anderson,(+44)4417079739,richard@hernandez-anderson.com,74501 Dale Dam Apt. 506,United Kingdom,34649
s00276,Kelley-Vasquez,(+86)8794095748,andrea@kelley-vasquez.com,77372 Roth Plaza,China,68758
s00277,Reynolds-High Turner and Brewer,(+32)1284795555,gregory@reynolds-high.com,54866 Deborah Street,Belgium,66229
s00278,Case-Thomas,(+1)2970045373,savannah@case-thomas.com,8398 Brian Estates Suite 499,United States,20006
s00279,Herrera-High Ball and Ross,(+32)4544625943,christopher@herrera-high.com,1520 Goodwin Plaza,Belgium,86952
s00280,Aguilar-Sawyer,(+44)9558589542,jodi@aguilar-sawyer.com,68872 Hunter Passage Apt. 808,United Kingdom,73949
s00281,Smith-Nash,(+44)5989143932,angela@smith-nash.com,237 Alvarado Mountain Suite 167,United Kingdom,65131
s00282,Miller-High Caldwell and Woods,(+33)5264602584,alicia@miller-high.com,91726 Gabrielle Drive,France,75165
s00283,Carter and Sons,(+33)4617268664,ryan@carter.com,8991 Lawrence Valley Apt. 798,France,64532
s00284,King and Sons,(+33)4941175947,elizabeth@king.com,423 Andrea Village Suite 473,France,31142
s00285,Lam-Mcdonald,(+32)5582234945,glen@lam-mcdonald.com,33177 Cindy Squares,Belgium,62199
s00286,Davenport-Vincent,(+1)6300908841,kevin@davenport-vincent.com,85302 Harris Falls,United States,84034
s00287,Taylor-Hatfield,(+86)3880637156,andrea@taylor-hatfield.com,06404 Brenda Mountains Suite 142,China,97039
s00288,Everett and Sons,(+33)7589858365,andrew@everett.com,93583 Renee Rue Suite 279,France,64933
s00289,Campbell-Pierce,(+1)5124525933,amanda@campbell-pierce.com,11128 Cynthia Coves Suite 303,United States,78840
s00290,Collins-Wang,(+44)7109668951,jeffrey@collins-wang.com,8663 Fowler Hill,United Kingdom,36427
s00291,King-Sherman,(+44)3275786121,kayla@king-sherman.com,075 Weeks Estates Suite 493,United Kingdom,60221
s00292,Jacobs-Gonzalez,(+32)1896761898,david@jacobs-gonzalez.com,25277 John Trace Suite 517,Belgium,57310
s00293,Holland and Sons,(+86)4376680330,sarah@holland.com,21355 Holden Shoal,China,70273
s00294,Moore Ltd,(+1)4153442299,gabriella@moore.com,517 Henry Light Apt. 330,United States,58022
s00295,Nolan-Davis,(+33)3334909784,dana@nolan-davis.com,24814 Eric Islands Suite 742,France,12459
s00296,Harris Inc,(+86)7172378412,kathleen@harris.com,487 Valentine Trail,China,94053
s00297,Greer-Allen,(+33)4005233468,michael@greer-allen.com,8838 Ian Radial,France,51707
s00298,Stanley Inc,(+1)2440471134,diane@stanley.com,46386 Natalie Shoals Apt. 673,United States,50314
s00299,Meyer Ltd,(+86)8554198014,cynthia@meyer.com,68672 Shannon Islands,China,28743
s00300,Jones-Bennett,(+33)3142864237,joshua@jones-bennett.com,7453 Blackburn Groves Suite 680,France,82730
s00301,Lewis-Watson,(+32)8911962844,henry@lewis-watson.com,35135 Roach Parkways,Belgium,86820
s00302,Hubbard-High Owens and Smith,(+44)3566608152,jacob@hubbard-high.com,757 Isaac Locks Suite 166,United Kingdom,21079
s00303,Jones Group,(+86)6161536630,grant@jones.com,094 Thomas Summit Apt. 278,China,18388
s00304,Whitehead-Walton,(+44)6466591728,jeffery@whitehead-walton.com,772 Ballard Way Apt. 625,United Kingdom,99153
s00305,Wallace-High Russo and Humphrey,(+33)7719371822,john@wallace-high.com,1779 Dustin Shore,France,44413
s00306,Acosta and Sons,(+86)7604999676,alejandro@acosta.com,25569 Judy Street Apt. 546,China,11427
s00307,Hester LLC,(+1)1722779493,matthew@hester.com,61183 Hernandez River,United States,11573
s00308,Todd-High Boyd and Schneider,(+33)9106204402,zachary@todd-high.com,8348 Christopher Port Apt. 441,France,16904
s00309,Dunn Ltd,(+86)4347026989,david@dunn.com,8669 Hudson Fort Suite 402,China,89021
s00310,Pena-High Warner and Tanner,(+86)4925813713,erika@pena-high.com,68356 Jeffrey Plains,China,81983
s00311,Ramos PLC,(+44)8973193831,jessica@ramos.com,20288 Kara Ranch Apt. 096,United Kingdom,18298
s00312,Perkins-Hanson,(+44)7687336914,marissa@perkins-hanson.com,429 Sarah Isle,United Kingdom,96762
s00313,Webb-Henry,(+1)7750585000,elizabeth@webb-henry.com,9724 Victoria Square,United States,84206
s00314,Martinez Group,(+32)5069025696,patricia@martinez.com,4345 Cooper Landing Suite 707,Belgium,34024
s00315,Day-Espinoza,(+32)7988009384,bryan@day-espinoza.com,5268 Bradford Villages Suite 115,Belgium,15893
s00316,Morales LLC,(+86)9049726158,ricardo@morales.com,015 Suzanne Wells Suite 034,China,84112
s00317,Green PLC,(+33)7441063363,jerome@green.com,84090 Dorothy Garden,France,83891
s00318,Howard-Castillo,(+44)4331470990,tammy@howard-castillo.com,32145 Roberson Dale,United Kingdom,59944
s00319,Phillips-High Williams and Reeves,(+44)4974611872,tara@phillips-high.com,566 Vincent Ridges Suite 109,United Kingdom,25202
s00320,Evans-High Guerrero and Taylor,(+33)3135708901,alyssa@evans-high.com,48990 Marquez Bypass Apt. 262,France,02906
s00321,Fleming-Scott,(+32)7121297740,nicole@fleming-scott.com,812 Perry Light Apt. 465,Belgium,67110
s00322,Blankenship-High Graves and Williams,(+1)2242791772,caitlin@blankenship-high.com,72728 Savannah Passage Apt. 508,United States,93447
s00323,Townsend LLC,(+33)3421503997,willie@townsend.com,440 Reyes Junctions,France,55303
s00324,Austin-Miranda,(+32)7862955066,peter@austin-miranda.com,3532 Olson Locks,Belgium,08910
s00325,Sullivan PLC,(+44)4850887980,hannah@sullivan.com,1589 Richard Road,United Kingdom,83095
s00326,Roy-High Gordon and Little,(+33)5166311854,joseph@roy-high.com,051 Barnett Neck Apt. 861,France,64211
s00327,Smith-Hanson,(+32)5608738810,nicole@smith-hanson.com,96494 Johnston Tunnel,Belgium,91294
s00328,Rivera-Vazquez,(+32)5962950465,suzanne@rivera-vazquez.com,5560 Jonathan Ramp Suite 321,Belgium,54578
s00329,Liu Group,(+33)4307371481,antonio@liu.com,12581 Michael Forks Apt. 835,France,31976
s00330,Ramos Ltd,(+32)5916663314,brittany@ramos.com,33868 Fernandez Crossing,Belgium,08414
s00331,Tran-High Lee and Schmidt,(+32)5863607255,john@tran-high.com,239 Riggs Spring,Belgium,58892
s00332,Vance-High Jones and Hines,(+44)3756589627,eric@vance-high.com,615 Brianna Glens,United Kingdom,03740
s00333,Jackson PLC,(+33)5012963107,leah@jackson.com,7696 Bonnie Meadow,France,34825
s00334,Alexander-High Gibson and Lynch,(+44)3660244704,christine@alexander-high.com,523 Larry Crescent Apt. 633,United Kingdom,29888
s00335,Bowen-High Fields and Young,(+1)9391328174,nicole@bowen-high.com,05141 Manning Plain Apt. 353,United States,38532
s00336,Khan-High Thomas and Tapia,(+1)5264845848,lisa@khan-high.com,637 Michael Estate,United States,74723
s00337,Jensen-High Williams and Roberts,(+1)9187268905,laura@jensen-high.com,91988 Grant Orchard Apt. 637,United States,04323
s00338,Allen-Phillips,(+33)4900910153,amy@allen-phillips.com,4868 Victoria Squares Suite 902,France,72217
s00339,Ramirez-Dawson,(+44)9218797534,ashley@ramirez-dawson.com,140 Susan Plaza,United Kingdom,40592
s00340,Buckley-High Cruz and Williams,(+44)7206722471,karen@buckley-high.com,938 Gary Dale Apt. 301,United Kingdom,48610
s00341,Allen-High Foley and Kelly,(+1)2361931059,samuel@allen-high.com,6734 Amy Ridges Apt. 573,United States,16509
s00342,Valdez-High Thomas and Hammond,(+86)4329597371,krista@valdez-high.com,186 Tina Dale,China,48477
s00343,Howell-High Castillo and Powers,(+86)7842639171,tara@howell-high.com,34669 Derek Way Apt. 714,China,00658
s00344,Mitchell-Griffin,(+32)2748193176,darrell@mitchell-griffin.com,89770 Johnson Summit Suite 181,Belgium,58256
s00345,Morris PLC,(+1)1796010593,angela@morris.com,8313 Horne Common Apt. 134,United States,76521
s00346,Cooper Inc,(+33)7280813089,pamela@cooper.com,6659 Donna Mount Apt. 193,France,94491
s00347,Jackson-High Tran and Burch,(+33)4595119786,tammy@jackson-high.com,688 Christopher Viaduct Apt. 524,France,59542
s00348,Mitchell-Evans,(+44)1304212105,michael@mitchell-evans.com,48344 Gordon Bridge Apt. 140,United Kingdom,37685
s00349,Daniel-High Rojas and Donaldson,(+1)8255848766,robert@daniel-high.com,491 Ruiz Knoll Suite 800,United States,36271
s00350,Payne-High Fernandez and Knight,(+32)4496705012,amanda@payne-high.com,19590 House Village Apt. 864,Belgium,48404
s00351,Pugh-High English and Garrett,(+1)4499079714,amber@pugh-high.com,434 Rios Forest,United States,43290
s00352,Christian-High Thompson and Lopez,(+1)7293172027,madeline@christian-high.com,953 Gonzales Curve Apt. 121,United States,56082
s00353,Bradley and Sons,(+32)4761605887,denise@bradley.com,3999 Smith Islands Apt. 370,Belgium,04499
s00354,Mullins-Davis,(+32)9886555208,scott@mullins-davis.com,44780 Raymond Shore,Belgium,66813
s00355,Golden-Torres,(+44)6124001400,jessica@golden-torres.com,72938 Jones Crescent,United Kingdom,13170
s00356,Martinez-High Phelps and Simpson,(+33)7626720176,bryan@martinez-high.com,02543 Larry Junction Apt. 132,France,82848
s00357,Clements and Sons,(+1)1286266833,frank@clements.com,476 Andrew Ford Suite 171,United States,44828
s00358,Smith PLC,(+33)8635688929,lisa@smith.com,8958 Alex Crossroad Apt. 552,France,37093
s00359,Jordan-Peters,(+44)1734900593,david@jordan-peters.com,11405 Rebecca Manors,United Kingdom,55525
s00360,Chan-High Green and Clay,(+32)6052856478,morgan@chan-high.com,7009 Melanie Locks,Belgium,43183
s00361,Smith-High Villarreal and Edwards,(+86)9443106454,jason@smith-high.com,953 Candice Port Suite 919,China,96170
s00362,Stevens LLC,(+32)9161136746,edward@stevens.com,653 Fitzgerald Port,Belgium,26007
s00363,Herrera-Villa,(+44)5746222326,ruth@herrera-villa.com,48743 Lucas Ports,United Kingdom,63251
s00364,Kim-High Jones and Garrett,(+86)9155180193,richard@kim-high.com,22165 William Circle Suite 879,China,32139
s00365,Thomas-High Faulkner and Shepherd,(+32)8853014958,jamie@thomas-high.com,9254 Charles Pass,Belgium,05809
s00366,Norman and Sons,(+1)5348530226,joseph@norman.com,36965 Jared Courts,United States,70875
s00367,Farley-High Mccullough and Ortiz,(+44)9951596448,ronald@farley-high.com,985 Madden Glens Apt. 610,United Kingdom,71662
s00368,Henson Ltd,(+32)5201885348,mark@henson.com,5480 Lamb Skyway Apt. 144,Belgium,54861
s00369,Tate-High Gonzalez and Escobar,(+32)3834839462,joseph@tate-high.com,77656 Eric Mount,Belgium,78875
s00370,Davis-High Robinson and Johnson,(+32)7344989010,zachary@davis-high.com,04241 Mitchell Avenue,Belgium,83024
s00371,Miller-High Beard and Erickson,(+86)4008329868,james@miller-high.com,24958 Thomas Forest,China,47497
s00372,French-High Cruz and Cortez,(+32)6455944393,stephanie@french-high.com,843 Phillips Street Apt. 179,Belgium,33363
s00373,Mckenzie-Serrano,(+86)3962843267,kathryn@mckenzie-serrano.com,4800 Garcia Fields Suite 156,China,49625
s00374,Maldonado-Russell,(+86)2669729432,heidi@maldonado-russell.com,835 Wood Rue,China,40852
s00375,Anderson-Thomas,(+32)3014636581,ariel@anderson-thomas.com,71348 Andrew Ports Apt. 254,Belgium,50584
s00376,Hill Group,(+33)6542856379,robert@hill.com,8053 James Keys Suite 926,France,51512
s00377,Harrison-High Stevens and Melton,(+33)7000175006,ashlee@harrison-high.com,984 Wood Brooks,France,63442
s00378,Walsh Group,(+33)3744926357,jennifer@walsh.com,1186 Charles Underpass Apt. 862,France,30761
s00379,Baxter PLC,(+44)1275715140,laura@baxter.com,361 Ana Neck Suite 399,United Kingdom,77992
s00380,Garcia-Patel,(+86)4913627328,karen@garcia-patel.com,38871 Parker Parkways Suite 395,China,42913
s00381,Long-Wiggins,(+32)8518827211,christopher@long-wiggins.com,10167 Ellis Square Suite 695,Belgium,54349
s00382,Johnson-High Taylor and Campbell,(+86)7348709848,kim@johnson-high.com,928 Moore Lock Suite 645,China,49338
s00383,Mendez Ltd,(+44)4124267231,andrew@mendez.com,78032 Juarez Road Suite 176,United Kingdom,17693
s00384,Hoover-High Mann and Shaw,(+86)5861596026,donald@hoover-high.com,9049 Cole Path,China,79308
s00385,May-High Reeves and Perez,(+44)9796384445,stephanie@may-high.com,7011 Brian Trafficway,United Kingdom,32254
s00386,Clarke-High Walker and Smith,(+86)3976662339,michael@clarke-high.com,672 Nguyen Mission Apt. 007,China,79742
s00387,Thompson-High Morgan and Valencia,(+1)5238610457,jonathan@thompson-high.com,67689 Chang Ports,United States,97463
s00388,Martin-Reyes,(+1)4487593036,julie@martin-reyes.com,962 Medina Divide Apt. 366,United States,91413
s00389,Moore Ltd,(+86)8823365737,patricia@moore.com,304 Avery Gardens,China,88324
s00390,Lawson and Sons,(+44)6623434257,jennifer@lawson.com,87695 Kurt Hollow Suite 827,United Kingdom,83070
s00391,Ritter-High Miller and Davis,(+33)2207828129,patricia@ritter-high.com,8032 Joseph Pine Apt. 571,France,17206
s00392,Hughes-High Martin and Jones,(+1)5041864627,paula@hughes-high.com,99445 Torres Isle,United States,04629
s00393,Brown-High Odonnell and Williams,(+86)4005601433,joseph@brown-high.com,180 Rachel Plain,China,27095
s00394,Cole Ltd,(+33)1757902056,susan@cole.com,7861 Butler Junction Suite 815,France,10148
s00395,King-High Brown and Summers,(+33)5558506886,david@king-high.com,174 Emily Light Apt. 600,France,72720
s00396,Hart-High Hubbard and Bailey,(+1)7482773197,jenna@hart-high.com,032 Gray Neck,United States,70233
s00397,Kemp-High Williams and Davis,(+1)3877782307,carol@kemp-high.com,3741 Johnson Turnpike Suite 735,United States,54491
s00398,Smith-King,(+44)7149717818,kevin@smith-king.com,208 Christine Loop Suite 141,United Kingdom,13829
s00399,Dean-Aguilar,(+33)9111211991,don@dean-aguilar.com,5278 Hayes Spurs Apt. 178,France,79989
s00400,Copeland-Mcpherson,(+44)5907524354,thomas@copeland-mcpherson.com,5499 Sarah Locks,United Kingdom,29677
s00401,Marquez-Sims,(+86)7311866597,alan@marquez-sims.com,69483 Jones Summit Suite 793,China,78763
s00402,Vang PLC,(+44)9393357487,amy@vang.com,58567 Jacob Locks Apt. 881,United Kingdom,43711
s00403,Huff-Harris,(+1)2918870005,katie@huff-harris.com,2945 Mccarthy Trace,United States,55467
s00404,Rogers-Brown,(+86)2520139627,bianca@rogers-brown.com,8371 Russo Flats Suite 506,China,84941
s00405,Fisher Ltd,(+1)8673422015,katelyn@fisher.com,9834 Russell Harbors,United States,21707
s00406,Kirby-High Gonzales and Willis,(+33)9536828185,scott@kirby-high.com,4061 Stevenson Club Suite 785,France,79238
s00407,Tran-High Austin and Mckenzie,(+1)7438745187,jeffrey@tran-high.com,97734 Mccarthy Road,United States,66100
s00408,Richmond Group,(+44)4589244542,theresa@richmond.com,342 Ashley Estates Suite 925,United Kingdom,68325
s00409,Gallegos-Reyes,(+1)6984784195,carrie@gallegos-reyes.com,26476 Martin Crossroad Suite 071,United States,10858
s00410,Morris-Nelson,(+44)3047002409,gregory@morris-nelson.com,7582 Alexander Mountains,United Kingdom,28832
s00411,Lawson Group,(+86)3730763512,glenda@lawson.com,309 Robert Lodge,China,74080
s00412,Sullivan-High Smith and Baker,(+32)3812583976,april@sullivan-high.com,06073 Meredith Route,Belgium,04654
s00413,Jones-Crawford,(+33)7298058160,paul@jones-crawford.com,5041 Tyler Centers,France,17556
s00414,Walker Inc,(+86)4509272375,allison@walker.com,020 Jenna Forest Apt. 052,China,53066
s00415,Casey-High Martinez and Richardson,(+33)1437599618,bryan@casey-high.com,16999 Shannon Park,France,74836
s00416,Webb Group,(+33)9303536229,lawrence@webb.com,754 Joshua Courts,France,53249
s00417,Barker Inc,(+32)4953110272,jasmin@barker.com,2277 Brown Springs Apt. 351,Belgium,75501
s00418,Wilson Inc,(+33)6451578561,mark@wilson.com,1413 Brandon Islands Apt. 203,France,55659
s00419,Chung-High Patterson and Williams,(+44)1569240496,wendy@chung-high.com,310 Griffin Parkways,United Kingdom,72611
s00420,Maldonado LLC,(+1)3664765044,brenda@maldonado.com,1858 Raymond Inlet,United States,75761
s00421,Whitney Group,(+86)4044075753,regina@whitney.com,57613 Miguel Manors,China,21600
s00422,Schwartz PLC,(+33)3438921410,michelle@schwartz.com,3480 Cynthia Mills Apt. 087,France,30054
s00423,Walls Group,(+32)9627472437,kayla@walls.com,8216 Cassandra Stravenue,Belgium,78584
s00424,Sims-Rangel,(+86)2621227875,donna@sims-rangel.com,3516 Martin Extensions,China,49363
s00425,Payne-High Wilson and Hernandez,(+44)6845344442,natalie@payne-high.com,46087 Daniel Forest Apt. 260,United Kingdom,38013
s00426,Johnston-Williams,(+32)6656536777,angie@johnston-williams.com,75082 Sandoval Island,Belgium,03040
s00427,Peterson-High Velez and Graham,(+1)8171782046,mary@peterson-high.com,3609 Kenneth Centers Apt. 660,United States,31648
s00428,Campbell Ltd,(+1)8004822855,aaron@campbell.com,59946 Rocha Summit Suite 772,United States,62905
s00429,Mills-High Wright and Castro,(+32)1185921211,jessica@mills-high.com,0405 Michael Loop Apt. 068,Belgium,30617
s00430,Knapp PLC,(+33)9871281493,pamela@knapp.com,4677 Cordova Port,France,32064
s00431,Roth-Donaldson,(+33)4005658019,sharon@roth-donaldson.com,58353 Thompson Junctions,France,88726
s00432,Nguyen-High Reyes and Jones,(+44)3113111558,alex@nguyen-high.com,9138 Fitzpatrick Turnpike,United Kingdom,70829
s00433,Hall-High King and Harris,(+44)7177652657,chris@hall-high.com,07098 Cory Stravenue,United Kingdom,95365
s00434,Contreras Ltd,(+33)6004883507,karen@contreras.com,36092 Singleton Manor,France,15686
s00435,Walls-High Kemp and Villanueva,(+86)9364898453,edward@walls-high.com,7959 Jonathan Summit Apt. 033,China,49937
s00436,Ramirez-High Williams and Wise,(+44)1623849616,william@ramirez-high.com,66973 April Crossing,United Kingdom,65529
s00437,Ford-High Brown and Nelson,(+32)9099367950,sophia@ford-high.com,5592 Russell Alley,Belgium,16132
s00438,Mcneil-Santana,(+33)8771479448,elaine@mcneil-santana.com,29217 Barbara Branch,France,04015
s00439,Hoover-Cortez,(+44)4784425504,justin@hoover-cortez.com,81697 Nathan Shoal Apt. 015,United Kingdom,44914
s00440,Hernandez-Garrett,(+32)4655576038,michael@hernandez-garrett.com,12204 Robinson Avenue Suite 720,Belgium,38955
s00441,Trevino-Solis,(+86)6160475491,erica@trevino-solis.com,191 Jennifer Rest,China,65884
s00442,Newman Inc,(+33)1353816053,paul@newman.com,89729 Stephen Greens Suite 042,France,06304
s00443,Bryant-Mitchell,(+33)1531299559,margaret@bryant-mitchell.com,9865 Brandt Rapids,France,36518
s00444,Butler PLC,(+32)3504959997,william@butler.com,21564 Tate Rest,Belgium,29557
s00445,Mccoy-High Mendoza and Gonzalez,(+33)2719874986,kenneth@mccoy-high.com,682 Mason Freeway Apt. 145,France,40709
s00446,Hayes-High Pearson and Morgan,(+86)9753086861,lisa@hayes-high.com,039 Adams Dam Apt. 533,China,07062
s00447,Michael-Boone,(+86)4668727793,ashley@michael-boone.com,4712 George Garden,China,62951
s00448,Evans-Sanchez,(+44)4148571332,brandon@evans-sanchez.com,01808 Anderson Burg,United Kingdom,01200
s00449,Vaughan Inc,(+32)1469997912,megan@vaughan.com,144 Brewer Forges,Belgium,86855
s00450,Cannon-High Pruitt and Potter,(+33)6902209243,chelsea@cannon-high.com,2931 Flowers Ways,France,16404
s00451,Hernandez-Mathis,(+32)9104315876,warren@hernandez-mathis.com,6883 Gonzalez Grove,Belgium,26812
s00452,Snyder Ltd,(+44)3931375828,samantha@snyder.com,041 Duncan Ridges,United Kingdom,14323
s00453,Hamilton-Hall,(+86)7627805166,brenda@hamilton-hall.com,374 Ricky Springs Suite 572,China,40540
s00454,Grimes-High Martinez and Adams,(+1)3680520241,joshua@grimes-high.com,382 Helen Fork Apt. 370,United States,88155
s00455,Williams-High Salazar and Hurley,(+32)6585620577,brandy@williams-high.com,00859 Robinson Summit,Belgium,72549
s00456,Henson Group,(+1)2185272444,christine@henson.com,282 Tran Mission,United States,24292
s00457,Shelton-High Rice and Gardner,(+32)2194678553,tanya@shelton-high.com,182 Joel Trail Apt. 367,Belgium,10723
s00458,Brown-Krueger,(+32)4991950036,janet@brown-krueger.com,91316 Suzanne Greens Suite 573,Belgium,93592
s00459,Brooks-Weber,(+33)1387704775,mary@brooks-weber.com,86233 Dennis Avenue Suite 997,France,27140
s00460,Robinson-High Taylor and Davis,(+33)5525993703,joyce@robinson-high.com,266 Middleton Port Suite 779,France,12129
s00461,Sanchez-High Alvarez and Graham,(+1)6604708078,brian@sanchez-high.com,21159 Karl Mountain,United States,17282
s00462,Frye-High Berry and Johnson,(+1)6046828205,derrick@frye-high.com,84174 Keith Prairie,United States,30498
s00463,Strickland PLC,(+32)7896361983,nathan@strickland.com,606 Keller Road Apt. 152,Belgium,21191
s00464,Harris-Rodriguez,(+33)7672366336,alex@harris-rodriguez.com,74384 Nicole Mall,France,90199
s00465,Lopez-High Hill and Butler,(+44)5527684659,tanya@lopez-high.com,5094 Parsons Run Suite 457,United Kingdom,20561
s00466,Carter-Reid,(+86)6095594311,jonathan@carter-reid.com,47499 Hughes Orchard,China,91379
s00467,Pratt-Hill,(+33)9469684586,michael@pratt-hill.com,105 Villa Harbors,France,62961
s00468,Lopez PLC,(+1)7127246133,jasmine@lopez.com,58588 Robin Motorway Suite 255,United States,26888
s00469,Ward-High Orozco and Decker,(+33)2769318021,david@ward-high.com,2053 Jasmine Orchard Suite 912,France,77197
s00470,Bennett-High Brown and Robinson,(+33)5894066337,isaiah@bennett-high.com,84905 Meredith Stravenue Apt. 742,France,96361
s00471,Ochoa Inc,(+44)1622026145,luke@ochoa.com,0500 Frank Roads,United Kingdom,90585
s00472,Marsh Inc,(+44)8781923503,blake@marsh.com,5761 Bradley Falls Suite 461,United Kingdom,52322
s00473,Ross PLC,(+33)2659075707,dustin@ross.com,66353 Garcia Hollow Suite 441,France,83942
s00474,Clayton Inc,(+1)7236286048,scott@clayton.com,19187 Miller Gardens Suite 705,United States,20099
s00475,Tucker and Sons,(+44)3218600264,jacqueline@tucker.com,4206 Devon Way Suite 205,United Kingdom,31034
s00476,Montoya-High Perry and Knight,(+33)5212958581,kimberly@montoya-high.com,027 Jonathan Fall,France,12112
s00477,Graham-High Thompson and Simpson,(+32)8481344007,mary@graham-high.com,381 Adriana Center Suite 977,Belgium,61885
s00478,Rocha-High Mcintosh and Cooper,(+32)2481098121,daniel@rocha-high.com,52955 Perry Square Suite 425,Belgium,55819
s00479,Garcia-Cannon,(+32)3279688029,gary@garcia-cannon.com,93933 Marie Bypass Apt. 301,Belgium,01331
s00480,Smith-Rodgers,(+1)5601713194,douglas@smith-rodgers.com,23890 Barton Mountain Suite 538,United States,02258
s00481,Lewis Ltd,(+32)3905030130,robert@lewis.com,812 Bond Mission Suite 363,Belgium,34645
s00482,Gregory PLC,(+44)9547788354,juan@gregory.com,2979 Evelyn Neck,United Kingdom,27651
s00483,Ramsey Inc,(+32)5810180417,tracy@ramsey.com,335 Katie Cove,Belgium,73029
s00484,Yates-Wells,(+44)9707539764,sharon@yates-wells.com,199 Benjamin Viaduct,United Kingdom,91887
s00485,Gentry-Edwards,(+33)9382834973,kelly@gentry-edwards.com,764 Laura Greens,France,21705
s00486,Harrison-Stevenson,(+32)1201665436,daniel@harrison-stevenson.com,08886 Anthony Locks Apt. 290,Belgium,98601
s00487,Rush and Sons,(+86)3612104813,aimee@rush.com,5429 Raymond Knoll,China,41342
s00488,Michael-Roach,(+33)4568639225,timothy@michael-roach.com,353 Lauren Divide Apt. 956,France,41337
s00489,Howard-High Jennings and Brown,(+44)3966145825,renee@howard-high.com,055 John Cliff Suite 022,United Kingdom,03418
s00490,Francis-High Williams and Reed,(+32)5912361779,laura@francis-high.com,385 Dustin Coves,Belgium,09556
s00491,Anderson PLC,(+86)2299298039,jill@anderson.com,74668 Sharon Crescent Apt. 549,China,37520
s00492,Smith-High Harmon and Long,(+44)4963742420,kari@smith-high.com,3009 Leslie Mountain,United Kingdom,45083
s00493,Brown Ltd,(+1)2666898683,david@brown.com,14102 Scott View,United States,40531
s00494,Anderson-Austin,(+44)9235147734,john@anderson-austin.com,50935 Ashlee Shore,United Kingdom,19068
s00495,Patterson-Cooley,(+1)3172490781,amanda@patterson-cooley.com,03748 Keith Street,United States,33650
s00496,Miller-High Clark and Hall,(+44)3859619728,dennis@miller-high.com,0108 Brittany Stream Apt. 914,United Kingdom,38933
s00497,Buck Inc,(+1)1392330241,adrian@buck.com,10715 Dominique Junctions Suite 143,United States,93579
s00498,Hawkins Ltd,(+1)3002655467,dana@hawkins.com,8013 Patrick Place,United States,53576
s00499,Acosta-High Richards and Simmons,(+44)8843129590,emma@acosta-high.com,07732 Combs Vista,United Kingdom,20002
s00500,Mitchell-Roberson,(+1)2937805416,donna@mitchell-roberson.com,69221 Ashley Inlet Suite 160,United States,89689
